m0:35uM_M0:0_L0:10000 X	m0:35uM_M0:0_L0:10000 Y	m0:28uM_M0:0_L0:10000 X	m0:28uM_M0:0_L0:10000 Y	m0:22.4uM_M0:0_L0:10000 X	m0:22.4uM_M0:0_L0:10000 Y	m0:17.5uM_M0:0_L0:10000 X	m0:17.5uM_M0:0_L0:10000 Y	m0:14uM_M0:0_L0:10000 X	m0:14uM_M0:0_L0:10000 Y	m0:11.2uM_M0:0_L0:10000 X	m0:11.2uM_M0:0_L0:10000 Y	m0:9.1uM_M0:0_L0:10000 X	m0:9.1uM_M0:0_L0:10000 Y	m0:7uM_M0:0_L0:10000 X	m0:7uM_M0:0_L0:10000 Y	m0:5.6uM_M0:0_L0:10000 X	m0:5.6uM_M0:0_L0:10000 Y	m0:4.5uM_M0:0_L0:10000 X	m0:4.5uM_M0:0_L0:10000 Y	m0:3.5uM_M0:0_L0:10000 X	m0:3.5uM_M0:0_L0:10000 Y
0	0.001330872	0	0.000779472	0	0.00185059	0	0.002078423	0	0.00289296	0	0.002355688	0	0.005098289	0	0.004474504	1	0.007871193	4.2333	0.003545153	5.4	-0.000715088
0	0.000911199	0	0.001009669	0	0.002588104	0	0.00320979	0	0.00351611	0	0.004422706	0	0.005943235	0	0.009082171	1.0333	-0.036618158	4.2667	0.001257958	5.4333	0.002145265
0	0.001501328	0	0.002007261	0	0.002971736	0	0.004301895	0	0.003845374	0	0.00598751	0	0.008486563	0	0.009860211	1.0667	0.001026677	4.3	-0.001029238	5.4667	0.002145265
0.033333	0.000764544	0.033333	0.000763408	0.033333	0.000963806	0.033333	0.00149026	0.033333	0.002042855	0.033333	0.00067465	0.033333	0.003241765	0.033333	0.002876467	1.1	0.007871193	4.3333	-0.003316433	5.5	-0.000715088
0.033333	0.0004556	0.033333	0.001356859	0.033333	0.001573161	0.033333	0.001336129	0.033333	0.002909885	0.033333	0.001514371	0.033333	0.003791036	0.033333	0.004302081	1.1333	0.004448935	4.3667	0.001257958	5.5333	-0.003575442
0.033333	0.000934789	0.033333	0.001263831	0.033333	0.001536931	0.033333	0.001579177	0.033333	0.00289296	0.033333	0.003042833	0.033333	0.008486563	0.033333	0.006400488	1.1667	0.001026677	4.4	-0.003316433	5.5667	-0.000715088
0.066667	-0.000198289	0.066667	0.000202085	0.066667	0.000160634	0.066667	0.000343906	0.066667	0.001091207	0.066667	0.000673054	0.066667	0	0.066667	-0.000319607	1.2	0.004448935	4.4333	-0.001029238	5.5667	0.00421537
0.066667	0.000481379	0.066667	2.46E-05	0.066667	0.000282293	0.066667	0.001336129	0.066667	0.001442015	0.066667	0.002061274	0.066667	0.002483782	0.066667	0.004302081	1.2333	0.001026677	4.4667	0.001257958	5.6	-0.002269815
0.066667	0.0004556	0.066667	0.000892116	0.066667	0.00106569	0.066667	0.001579177	0.066667	0.00096432	0.066667	0.002173872	0.066667	0.003241765	0.066667	0.004670626	1.2667	0.001026677	4.5	0.001257958	5.6	0.002145265
0.1	-8.49E-05	0.1	0.000202085	0.1	-0.000240952	0.1	0.000343906	0.1	-0.000360504	0.1	-0.000168263	0.1	0.001176528	0.1	-0.000319607	1.3	0.007871193	4.5	-0.000538531	5.6333	0.000972778
0.1	-0.0002278	0.1	0.000270887	0.1	0.000282293	0.1	-0.000148459	0.1	0.000484981	0.1	0.00067465	0.1	0.001414427	0.1	-0.000478009	1.3333	0.007871193	4.5333	-0.004846775	5.6333	0.002145265
0.1	8.50E-05	0.1	0.000520401	0.1	0.00106569	0.1	-5.45E-05	0.1	0.00096432	0.1	0.001079715	0.1	0.003241765	0.1	0.001210903	1.3667	-0.000564607	4.5333	-0.001029238	5.6667	-0.003575442
0.13333	-0.000651278	0.13333	-0.000663995	0.13333	-0.000658685	0.13333	-0.000802447	0.13333	-0.000360504	0.13333	-0.000824572	0.13333	-0.002161176	0.13333	-0.00224882	1.3667	0.004448935	4.5667	-0.002692653	5.6667	-0.000924201
0.13333	-0.0004556	0.13333	-0.000467895	0.13333	-0.000642537	0.13333	0.000490089	0.13333	-0.000121245	0.13333	0.000673054	0.13333	-0.001437979	0.13333	-0.000478009	1.4	-0.006210679	4.5667	0.001257958	5.6667	0.007457962
0.13333	-0.000198289	0.13333	-0.000223029	0.13333	5.07E-05	0.13333	0.001336129	0.13333	-0.00032144	0.13333	0.001079715	0.13333	-0.001414427	0.13333	0.00127843	1.4	0.004448935	4.6	-0.003316433	5.7	-0.00400487
0.16667	-0.000368114	0.16667	-0.000375301	0.16667	-0.000658685	0.16667	-0.000802447	0.16667	-0.000961343	0.16667	-0.002846521	0.16667	-0.002161176	0.16667	-0.003978682	1.4333	0.002258429	4.6	-0.000538531	5.7	0.00421537
0.16667	-0.000481558	0.16667	-0.000966459	0.16667	-0.000964196	0.16667	-0.001143542	0.16667	-0.000727471	0.16667	-7.50E-05	0.16667	-0.001437979	0.16667	-0.000319607	1.4333	0.001026677	4.6333	-0.001029238	5.7	0.005005619
0.16667	-0.0004556	0.16667	-0.000221635	0.16667	-0.000642537	0.16667	-0.000890753	0.16667	-0.00032144	0.16667	0.000673054	0.16667	-0.001414427	0.16667	-0.000478009	1.4667	-0.000564607	4.6333	-0.002692653	5.7333	-0.00400487
0.2	-8.49E-05	0.2	-0.000375301	0.2	-0.000658685	0.2	-0.001375624	0.2	-0.00225008	0.2	-0.001864962	0.2	-0.002161176	0.2	-0.005258099	1.4667	0.007871193	4.6667	-0.001029238	5.7333	-0.000715088
0.2	-0.000198289	0.2	-0.000966459	0.2	-0.000964196	0.2	-0.001143542	0.2	-0.001333697	0.2	-0.00100958	0.2	-0.001437979	0.2	-0.000319607	1.5	0.005081465	4.6667	0.001615592	5.7333	0.000972778
0.2	0	0.2	-0.000221635	0.2	0.000160634	0.2	-0.000148459	0.2	-0.000360504	0.2	-7.50E-05	0.2	-0.001414427	0.2	-0.00224882	1.5	0.004448935	4.7	0.001257958	5.7667	-0.000924201
0.23333	-0.000368114	0.23333	-8.66E-05	0.23333	-0.001471667	0.23333	-0.002375341	0.23333	-0.002546149	0.23333	-0.001574183	0.23333	-0.005657709	0.23333	-0.005708543	1.5333	-0.000564607	4.7	0.001615592	5.7667	0.000972778
0.23333	-0.000481558	0.23333	-0.000594744	0.23333	-0.000642537	0.23333	-0.000229271	0.23333	-0.00289296	0.23333	-0.00100958	0.23333	-0.001437979	0.23333	-0.003664736	1.5333	0.007871193	4.7333	-0.001029238	5.7667	0.002145265
0.23333	0	0.23333	2.46E-05	0.23333	-0.000345025	0.23333	-0.001143542	0.23333	-0.001562183	0.23333	-0.000883403	0.23333	-0.000810441	0.23333	-0.001917644	1.5667	-0.000564607	4.7333	-0.000538531	5.8	-0.003575442
0.26667	-0.000651278	0.26667	-0.000952688	0.26667	-0.001445709	0.26667	-0.002777173	0.26667	-0.001939923	0.26667	-0.005791198	0.26667	-0.004243281	0.26667	-0.003515681	1.5667	0.004448935	4.7667	-0.000538531	5.8	-0.002269815
0.26667	-0.000481558	0.26667	-0.000714156	0.26667	-0.001471667	0.26667	-0.000802447	0.26667	-0.000961343	0.26667	-0.002323795	0.26667	-0.004052486	0.26667	-0.003664736	1.6	0.002258429	4.7667	0.003545153	5.8	0.002156469
0.26667	-0.0002278	0.26667	-0.000966459	0.26667	-0.000658685	0.26667	-0.000890753	0.26667	-0.00096432	0.26667	-0.001850898	0.26667	-0.003511912	0.26667	-0.003978682	1.6	0.004448935	4.8	-0.005603629	5.8667	-0.003575442
0.3	-0.000368114	0.3	-0.000467895	0.3	-0.000972344	0.3	-0.001375624	0.3	-0.002763862	0.3	-0.003073406	0.3	-0.004862647	0.3	-0.003664736	1.6333	-0.000564607	4.8	0.002217529	5.8667	-0.002269815
0.3	-0.000481558	0.3	-8.66E-05	0.3	-0.001471667	0.3	-0.001688085	0.3	-0.001333697	0.3	-0.001864962	0.3	-0.004243281	0.3	-0.001917644	1.6333	0.001026677	4.8	0.001615592	5.8667	-0.000924201
0.3	-0.0004556	0.3	-0.000966459	0.3	-0.000642537	0.3	-0.001633047	0.3	-0.00096432	0.3	-0.001850898	0.3	-0.002745233	0.3	-0.003978682	1.6667	-0.006712267	4.8333	0	5.9333	-0.002269815
0.33333	-0.000368114	0.33333	-0.000714156	0.33333	-0.000972344	0.33333	-0.001375624	0.33333	-0.00225008	0.33333	-0.00382808	0.33333	-0.002828854	0.33333	-0.005113718	1.6667	-0.000564607	4.8333	0.001257958	5.9333	0.002156469
0.33333	8.50E-05	0.33333	-8.66E-05	0.33333	-0.001044123	0.33333	-0.002375341	0.33333	-0.001333697	0.33333	-0.001574183	0.33333	-0.002745233	0.33333	-0.003664736	1.6667	0.007871193	4.8333	0.003769714	5.9333	0.002145265
0.33333	0.0002278	0.33333	-0.000966459	0.33333	-0.000456724	0.33333	-0.001143542	0.33333	-0.000961343	0.33333	-0.00100958	0.33333	-0.002161176	0.33333	-0.000518958	1.7	-0.001342453	4.8667	-0.000538531	6	-0.005512407
0.36667	0.000198215	0.36667	-0.000375301	0.36667	-0.001286003	0.36667	-0.002232629	0.36667	-0.001333697	0.36667	-0.002323795	0.36667	-0.002828854	0.36667	-0.005113718	1.7	0.005081465	4.8667	0.002217529	6	-0.000715088
0.36667	8.50E-05	0.36667	2.46E-05	0.36667	-0.000456724	0.36667	-0.000802447	0.36667	-0.000360504	0.36667	-0.002692215	0.36667	-0.002161176	0.36667	-0.005258099	1.7	0.001026677	4.8667	0.005832349	6	0.005237138
0.36667	0	0.36667	-0.000223029	0.36667	-0.000240952	0.36667	-0.002375341	0.36667	-0.00096432	0.36667	-0.001864962	0.36667	-0.000130725	0.36667	-0.003978682	1.7333	-0.006210679	4.9	-0.002217529	6.0667	-0.002269815
0.4	-0.000368114	0.4	-0.000714156	0.4	-0.000972344	0.4	-0.000802447	0.4	-0.002546149	0.4	-0.002846521	0.4	-0.003511912	0.4	-0.006711755	1.7333	-0.001342453	4.9	0.001257958	6.0667	0.002145265
0.4	-0.0004556	0.4	0.000202085	0.4	-0.000964196	0.4	-0.000890753	0.4	-0.00225008	0.4	-0.002692215	0.4	-0.002745233	0.4	-0.005258099	1.7333	0.007871193	4.9	-0.000538531	6.0667	0.005237138
0.4	0.00036825	0.4	-0.000594744	0.4	0.000160634	0.4	-0.000598998	0.4	-0.000961343	0.4	-0.000824572	0.4	-0.001414427	0.4	-0.003978682	1.7667	-0.00402736	4.9333	-0.004435058	6.1333	-0.000924201
0.43333	0.000198215	0.43333	-0.000594744	0.43333	-0.001044123	0.43333	-0.000802447	0.43333	-0.002163023	0.43333	-0.003073406	0.43333	-0.005657709	0.43333	-0.005113718	1.7667	0.005081465	4.9333	0.001615592	6.1333	0.000972778
0.43333	8.50E-05	0.43333	2.46E-05	0.43333	-0.000658685	0.43333	-0.002375341	0.43333	-0.001939923	0.43333	-0.00382808	0.43333	-0.004052486	0.43333	-0.003664736	1.7667	0.004448935	4.9333	0.005832349	6.1333	0.002145265
0.43333	0	0.43333	0.000779472	0.43333	-0.000964196	0.43333	-0.001143542	0.43333	-0.00225008	0.43333	-0.001850898	0.43333	0.000540294	0.43333	-0.003978682	1.8	-0.001342453	4.9667	-0.002217529	6.2	-0.003575442
0.46667	0.000198215	0.46667	-0.000467895	0.46667	-0.000972344	0.46667	-0.001375624	0.46667	-0.001939923	0.46667	-0.004809639	0.46667	-0.00535974	0.46667	-0.009168266	1.8	-0.000564607	4.9667	0.001257958	6.2	-0.002269815
0.46667	8.50E-05	0.46667	0.000490779	0.46667	-0.001471667	0.46667	-0.001633047	0.46667	-0.000961343	0.46667	-0.002323795	0.46667	-0.004243281	0.46667	-0.003515681	1.8	0.001026677	4.9667	-0.000538531	6.2	0.002156469
0.46667	0.0006834	0.46667	0.000520401	0.46667	-0.001044123	0.46667	-0.000598998	0.46667	-0.0016072	0.46667	-0.001850898	0.46667	-0.003511912	0.46667	-0.002071372	1.8333	-0.001342453	5	0	6.2667	-0.000715088
0.5	0.000198215	0.5	-8.66E-05	0.5	-0.000972344	0.5	-0.000229271	0.5	-0.002163023	0.5	-0.001574183	0.5	-0.004052486	0.5	-0.008309792	1.8333	0.002258429	5	-0.000538531	6.2667	0.000972778
0.5	0.0004556	0.5	-0.000221635	0.5	-0.001044123	0.5	-0.001633047	0.5	-0.001939923	0.5	-0.001850898	0.5	-0.002828854	0.5	-0.007438405	1.8333	0.004448935	5	0.005832349	6.2667	0.002156469
0.5	0.000934789	0.5	0.000148686	0.5	5.07E-05	0.5	-0.001143542	0.5	-0.00225008	0.5	-0.000883403	0.5	-0.002161176	0.5	-0.003664736	1.8667	-0.000564607	5.0333	0	6.3333	-0.000924201
0.53333	0.000651519	0.53333	-0.000221635	0.53333	-0.000972344	0.53333	-0.001633047	0.53333	-0.002763862	0.53333	-0.00382808	0.53333	-0.004862647	0.53333	-0.005113718	1.8667	0.00402736	5.0333	0.003545153	6.3333	-0.000715088
0.53333	0.001047708	0.53333	0.000490779	0.53333	-0.001471667	0.53333	0.000343906	0.53333	-0.0016072	0.53333	-0.002692215	0.53333	-0.004243281	0.53333	-0.007438405	1.8667	-0.00239558	5.0333	0.003769714	6.3333	0.00421537
0.53333	0.000911199	0.53333	-0.000223029	0.53333	-0.000642537	0.53333	-0.000598998	0.53333	-0.000727471	0.53333	-0.000824572	0.53333	-0.002745233	0.53333	-0.002071372	1.9	0.002258429	5.0667	-0.001029238	6.4	-0.003575442
0.56667	0.001047708	0.56667	-0.000221635	0.56667	-0.000972344	0.56667	-0.001375624	0.56667	-0.001562183	0.56667	-0.00382808	0.56667	-0.005657709	0.56667	-0.006851463	1.9	0.00402736	5.0667	0	6.4	-0.002269815
0.56667	0.0006834	0.56667	0.000490779	0.56667	-0.000964196	0.56667	-0.002375341	0.56667	-0.0016072	0.56667	-0.002692215	0.56667	-0.002161176	0.56667	-0.001917644	1.9	0.001026677	5.0667	0.001615592	6.4	0.008317808
0.56667	0.001218058	0.56667	0.000520401	0.56667	0.000160634	0.56667	-0.001143542	0.56667	-0.000727471	0.56667	-0.000824572	0.56667	-0.001437979	0.56667	-0.003978682	1.9333	0.005081465	5.1	-0.006652587	6.4667	-0.002269815
0.6	0.001330872	0.6	0.000270887	0.6	-0.001044123	0.6	-0.000802447	0.6	-0.001939923	0.6	-0.002692215	0.6	-0.002828854	0.6	-0.019496051	1.9333	0.006712267	5.1	-0.001029238	6.4667	0.002156469
0.6	0.001218058	0.6	0.000779472	0.6	-0.000345025	0.6	-0.000890753	0.6	-0.000961343	0.6	-0.001864962	0.6	-0.002161176	0.6	-0.008444826	1.9333	0.007871193	5.1	-0.000538531	6.4667	0.002145265
0.6	0.001138999	0.6	0.000520401	0.6	-0.000456724	0.6	-0.000598998	0.6	-0.0016072	0.6	-7.50E-05	0.6	-0.001437979	0.6	-0.005708543	1.9667	0.001342453	5.1333	0	6.5333	-0.00400487
0.63333	0.001330872	0.63333	0.000517148	0.63333	-0.001044123	0.63333	-0.001375624	0.63333	-0.00289296	0.63333	-0.002846521	0.63333	-0.00535974	0.63333	-0.006711755	1.9667	0.005081465	5.1333	-0.000538531	6.5333	-0.002269815
0.63333	0.001784597	0.63333	0.001068166	0.63333	-0.000964196	0.63333	-0.001633047	0.63333	-0.001333697	0.63333	-0.001574183	0.63333	-0.002828854	0.63333	-0.006851463	1.9667	0.004448935	5.1333	0.003545153	6.5333	0.005005619
0.63333	0.001366799	0.63333	0.000520401	0.63333	-3.14E-05	0.63333	-0.000598998	0.63333	-0.000961343	0.63333	-0.001850898	0.63333	-0.002161176	0.63333	-0.003978682	2	0.001342453	5.1667	0.001257958	6.6	0.000972778
0.66667	0.001501328	0.66667	0.000490779	0.66667	-0.000345025	0.66667	-0.001633047	0.66667	-0.001939923	0.66667	-0.001864962	0.66667	-0.003511912	0.66667	-0.005258099	2	0.002258429	5.1667	0.004435058	6.6	0.002156469
0.66667	0.001897201	0.66667	0.000517148	0.66667	-0.000240952	0.66667	-0.001143542	0.66667	-0.00225008	0.66667	-0.001850898	0.66667	-0.002745233	0.66667	-0.003515681	2	0.007871193	5.1667	0.003769714	6.6	0.005005619
0.66667	0.001366799	0.66667	0.000892116	0.66667	5.07E-05	0.66667	0.000343906	0.66667	-0.000360504	0.66667	-7.50E-05	0.66667	-0.001414427	0.66667	-0.005708543	2.0333	-0.001342453	5.2	0.001257958	6.6667	-0.00708554
0.7	0.001897201	0.7	0.001009669	0.7	-0.000972344	0.7	-0.001143542	0.7	-0.00289296	0.7	-0.003073406	0.7	-0.004052486	0.7	-0.005258099	2.0333	0.005081465	5.2	0.002217529	6.6667	0.002145265
0.7	0.001784597	0.7	0.001934246	0.7	-0.000456724	0.7	0.000343906	0.7	-0.000961343	0.7	-0.00382808	0.7	-0.002828854	0.7	-0.003515681	2.0333	0.01129345	5.2	0.001615592	6.6667	0.00421537
0.7	0.002277999	0.7	0.001635546	0.7	0.00056222	0.7	-0.000148459	0.7	-0.000727471	0.7	-0.001850898	0.7	-0.002161176	0.7	-0.003978682	2.0667	-0.001342453	5.2333	0	6.7333	-0.006435795
0.73333	0.002067866	0.73333	0.001009669	0.73333	-0.000658685	0.73333	-0.001633047	0.73333	-0.00289296	0.73333	-0.00382808	0.73333	-0.004243281	0.73333	-0.006711755	2.0667	0.007904501	5.2333	0.008119544	6.7333	-0.00400487
0.73333	0.00246353	0.73333	0.001635546	0.73333	5.07E-05	0.73333	0.000343906	0.73333	-0.001939923	0.73333	-0.002323795	0.73333	-0.003511912	0.73333	-0.009168266	2.0667	0.01129345	5.2333	0.005923836	6.7333	0.000972778
0.73333	0.002050199	0.73333	0.00222294	0.73333	0.000160634	0.73333	-5.45E-05	0.73333	-0.001562183	0.73333	-0.00100958	0.73333	-0.002745233	0.73333	-0.005258099	2.1	-0.001342453	5.2667	0	6.8	-0.00400487
0.76667	0.00246353	0.76667	0.00125593	0.76667	-0.000345025	0.76667	-0.000802447	0.76667	-0.00225008	0.76667	-0.00382808	0.76667	-0.004243281	0.76667	-0.007438405	2.1	0.005081465	5.2667	0.001257958	6.8	0.000972778
0.76667	0.002351136	0.76667	0.001934246	0.76667	0.000558218	0.76667	-0.000890753	0.76667	-0.001333697	0.76667	-0.00100958	0.76667	-0.003511912	0.76667	-0.003515681	2.1	0.004448935	5.2667	0.001615592	6.8	0.002145265
0.76667	0.002277999	0.76667	0.001635546	0.76667	0.00056222	0.76667	-5.45E-05	0.76667	-0.000961343	0.76667	-7.50E-05	0.76667	-0.002745233	0.76667	-0.002071372	2.1333	-0.001342453	5.3	0	6.8667	0.000972778
0.8	0.002634405	0.8	0.00125593	0.8	-3.14E-05	0.8	0.000343906	0.8	-0.000961343	0.8	-0.002846521	0.8	-0.006666993	0.8	-0.006711755	2.1333	0.005081465	5.3	0.003545153	6.8667	0.002156469
0.8	0.003029858	0.8	0.00222294	0.8	0.00056222	0.8	-0.000148459	0.8	-0.000727471	0.8	-0.002692215	0.8	-0.004862647	0.8	-0.009168266	2.1333	0.01129345	5.3	0.003769714	6.8667	0.002145265
0.8	0.002505799	0.8	0.002007261	0.8	0.001573161	0.8	-5.45E-05	0.8	-0.00096432	0.8	-0.001574183	0.8	-0.004243281	0.8	-0.006851463	2.1667	-0.000564607	5.3333	0.003545153	6.9333	0.000972778
0.83333	0.003029858	0.83333	0.001263831	0.83333	-3.14E-05	0.83333	-0.000229271	0.83333	-0.00289296	0.83333	-0.00382808	0.83333	-0.003511912	0.83333	-0.003515681	2.1667	0.001342453	5.3333	0.004435058	6.9333	0.002156469
0.83333	0.003200944	0.83333	0.001748451	0.83333	0.001365392	0.83333	-0.000598998	0.83333	-0.001562183	0.83333	-0.002692215	0.83333	-0.002828854	0.83333	-0.005708543	2.1667	0.007871193	5.3333	0.005923836	6.9333	0.005005619
0.83333	0.003189198	0.83333	0.002800326	0.83333	0.001573161	0.83333	-0.000148459	0.83333	-0.000727471	0.83333	-7.50E-05	0.83333	-0.000130725	0.83333	-0.003664736	2.2	-0.001342453	5.3667	-0.002217529	7	-0.002269815
0.86667	0.003200944	0.86667	0.00222294	0.86667	0.000282293	0.86667	0.000917083	0.86667	-0.001333697	0.86667	-0.002846521	0.86667	-0.005657709	0.86667	-0.005258099	2.2	0.007904501	5.3667	0.003545153	7	0.002156469
0.86667	0.003596187	0.86667	0.001994712	0.86667	0.00106569	0.86667	-0.000148459	0.86667	-0.000961343	0.86667	-0.001574183	0.86667	-0.00535974	0.86667	-0.005708543	2.2	0.01129345	5.3667	0.001615592	7	0.002145265
0.86667	0.003416998	0.86667	0.002378976	0.86667	0.001365392	0.86667	-5.45E-05	0.86667	-0.0016072	0.86667	-0.00100958	0.86667	-0.003511912	0.86667	-0.001917644	2.2333	0.001342453	5.4	0.001257958	7.0667	0.002156469
0.9	0.003029858	0.9	0.001502191	0.9	-3.14E-05	0.9	0.000343906	0.9	-0.000360504	0.9	-0.001864962	0.9	-0.005657709	0.9	-0.006711755	2.2333	0.010727537	5.4	0.004435058	7.0667	0.005005619
0.9	0.003767482	0.9	0.002378976	0.9	0.000963806	0.9	-5.45E-05	0.9	-0.00096432	0.9	-0.001850898	0.9	-0.004052486	0.9	-0.003664736	2.2333	0.007871193	5.4	0.003769714	7.0667	0.007457962
0.9	0.003189198	0.9	0.003666407	0.9	0.001573161	0.9	0.001336129	0.9	0.000484981	0.9	0.00067465	0.9	-0.002161176	0.9	-0.003978682	2.2667	-0.000564607	5.4333	-0.002217529	7.1333	0.000972778
0.93333	0.00461729	0.93333	0.002240973	0.93333	0.000909612	0.93333	-0.000229271	0.93333	-0.001562183	0.93333	-0.002846521	0.93333	-0.004243281	0.93333	-0.008309792	2.2667	0.00402736	5.4333	0.003545153	7.1333	0.002156469
0.93333	0.005295173	0.93333	0.003122406	0.93333	0.001365392	0.93333	0.000593835	0.93333	-0.001333697	0.93333	-0.00100958	0.93333	-0.002745233	0.93333	-0.005258099	2.2667	0.014715708	5.4333	0.003769714	7.1333	0.005005619
0.93333	0.004783797	0.93333	0.003377713	0.93333	0.002080633	0.93333	0.001034633	0.93333	-0.0016072	0.93333	-7.50E-05	0.93333	-0.002161176	0.93333	-0.003978682	2.3	0.001342453	5.4667	0.002217529	7.2	0.005237138
0.96667	0.00461729	0.96667	0.002240973	0.96667	0.000909612	0.96667	0.000343906	0.96667	-0.0016072	0.96667	-0.001574183	0.96667	-0.004243281	0.96667	-0.006851463	2.3	0.005081465	5.4667	0.003545153	7.2	0.005005619
0.96667	0.005578337	0.96667	0.003865836	0.96667	0.001573161	0.96667	0.000490089	0.96667	-0.000121245	0.96667	-0.001850898	0.96667	-0.004052486	0.96667	-0.003515681	2.3	0.007871193	5.4667	0.003769714	7.2	0.010700554
0.96667	0.006378396	0.96667	0.004243794	0.96667	0.001766978	0.96667	0.000593835	0.96667	0.000841176	0.96667	-0.000883403	0.96667	-0.003511912	0.96667	-0.003978682	2.3333	-0.00402736	5.5	0.002217529	7.2667	0.00421537
1	0.007843652	1	0.002733494	1	0.000963806	1	0.00149026	1	-0.0016072	1	-0.001864962	1	-0.005657709	1	-0.005258099	2.3333	0.007904501	5.5	0.005832349	7.2667	0.005005619
1	0.008583061	1	0.004980981	1	0.001223271	1	0.001034633	1	-0.000360504	1	-0.001850898	1	-0.002745233	1	-0.003978682	2.3333	0.007871193	5.5	0.005923836	7.2667	0.008317808
1	0.007517396	1	0.005109874	1	0.003095575	1	0.002078423	1	-0.000121245	1	-7.50E-05	1	-0.002161176	1	-0.000319607	2.3667	0.002258429	5.5333	0.003545153	7.3333	0.008317808
1.0333	0.008583061	1.0333	0.003226016	1.0333	0.000909612	1.0333	0.000490089	1.0333	-0.0016072	1.0333	-0.00382808	1.0333	-0.005657709	1.0333	-0.007438405	2.3667	0.006712267	5.5333	0.004435058	7.3333	0.007865972
1.0333	0.009111995	1.0333	0.004237551	1.0333	0.002168564	1.0333	0.000593835	1.0333	-0.000727471	1.0333	-0.001574183	1.0333	-0.00535974	1.0333	-0.003664736	2.3667	0.001026677	5.5333	0.008077959	7.3333	0.010700554
1.0333	0.013790103	1.0333	0.006842035	1.0333	0.002588104	1.0333	0.002063436	1.0333	-0.000360504	1.0333	-0.001850898	1.0333	-0.004862647	1.0333	-0.001917644	2.4	0.002258429	5.5667	0.005832349	7.4	0.005237138
1.0667	0.014814986	1.0667	0.005724411	1.0667	0.000909612	1.0667	-0.000229271	1.0667	-0.0016072	1.0667	-0.001574183	1.0667	-0.004052486	1.0667	-0.007438405	2.4	0.00402736	5.5667	0.005923836	7.4	0.007865972
1.0667	0.016621747	1.0667	0.00445732	1.0667	0.003095575	1.0667	0.001034633	1.0667	-0.000360504	1.0667	-0.001864962	1.0667	-0.003511912	1.0667	-0.003664736	2.4	0.004448935	5.5667	0.008870116	7.4	0.010700554
1.0667	0.014579192	1.0667	0.008285502	1.0667	0.003373322	1.0667	0.001336129	1.0667	-0.000121245	1.0667	-0.001850898	1.0667	-0.002828854	1.0667	-0.001917644	2.4333	0.00402736	5.6	0.006652587	7.4667	0.00421537
1.1	0.02143554	1.1	0.00646784	1.1	0.001223271	1.1	-5.45E-05	1.1	-0.0016072	1.1	-0.00382808	1.1	-0.001437979	1.1	-0.005113718	2.4333	0.005081465	5.6	0.008119544	7.4667	0.014479147
1.1	0.024729413	1.1	0.004949841	1.1	0.002168564	1.1	0.00149026	1.1	-0.000360504	1.1	-0.001574183	1.1	-0.001414427	1.1	-0.003978682	2.4333	0.007871193	5.6	0.010232081	7.4667	0.013586679
1.1	0.021185388	1.1	0.012615904	1.1	0.004110518	1.1	0.000593835	1.1	-0.000121245	1.1	-0.000168263	1.1	0.000540294	1.1	-0.002071372	2.4667	-0.001342453	5.6333	0.008870116	7.5333	0.008317808
1.1333	0.028411915	1.1333	0.006181145	1.1333	0.001223271	1.1333	0.002063436	1.1333	-0.000727471	1.1333	-0.001574183	1.1333	-0.004862647	1.1333	-0.005258099	2.4667	0.002258429	5.6333	0.01040674	7.5333	0.013586679
1.1333	0.033045278	1.1333	0.01018499	1.1333	0.002971736	1.1333	0.001579177	1.1333	-0.00096432	1.1333	-0.001864962	1.1333	-0.004243281	1.1333	-0.005708543	2.4667	0.01129345	5.6333	0.008077959	7.5333	0.020428331
1.1333	0.028702783	1.1333	0.014059371	1.1333	0.003603047	1.1333	0.003563011	1.1333	0.000240336	1.1333	-0.001850898	1.1333	-0.004052486	1.1333	-0.000319607	2.5	0.001342453	5.6667	0.003545153	7.6	0.005237138
1.1667	0.04493818	1.1667	0.01241528	1.1667	0.001536931	1.1667	0.00149026	1.1667	-0.00225008	1.1667	-0.001864962	1.1667	-0.003511912	1.1667	-0.005708543	2.5	0.002258429	5.6667	0.008870116	7.6	0.017185739
1.1667	0.037359178	1.1667	0.009382535	1.1667	0.002971736	1.1667	0.001034633	1.1667	-0.000121245	1.1667	-0.000824572	1.1667	-0.001437979	1.1667	-0.001917644	2.5	0.004448935	5.6667	0.008077959	7.6	0.022167739
1.1667	0.053339617	1.1667	0.01983324	1.1667	0.004617989	1.1667	0.001336129	1.1667	0.000240336	1.1667	-0.000168263	1.1667	-0.001414427	1.1667	-0.002071372	2.5333	-0.001342453	5.7	0.003545153	7.6667	0.011398477
1.2	0.058721734	1.2	0.012337664	1.2	0.002164249	1.2	0.002063436	1.2	-0.0016072	1.2	-0.002692215	1.2	-0.005657709	1.2	-0.006851463	2.5333	0.005081465	5.7	0.006652587	7.6667	0.017185739
1.2	0.066175505	1.2	0.018362719	1.2	0.003373322	1.2	0.001034633	1.2	-0.000727471	1.2	-0.001864962	1.2	-0.002745233	1.2	-0.007438405	2.5333	0.01129345	5.7	0.012386203	7.6667	0.022167739
1.2	0.055583168	1.2	0.027050576	1.2	0.004617989	1.2	0.003563011	1.2	0.000240336	1.2	-7.50E-05	1.2	-0.002161176	1.2	-0.003515681	2.5667	-0.00402736	5.7333	0.008119544	7.7333	0.008317808
1.2333	0.078833857	1.2333	0.024310159	1.2333	0.002477908	1.2333	0.002636613	1.2333	-0.00096432	1.2333	-0.00382808	1.2333	-0.00535974	1.2333	-0.009168266	2.5667	0.007904501	5.7333	0.008870116	7.7333	0.020428331
1.2333	0.086846502	1.2333	0.0177554	1.2333	0.004176493	1.2333	0.002668264	1.2333	-0.000121245	1.2333	-0.000824572	1.2333	-0.004243281	1.2333	-0.003515681	2.5667	0.01129345	5.7333	0.008077959	7.7333	0.033609153
1.2333	0.073579357	1.2333	0.036866154	1.2333	0.006647875	1.2333	0.003563011	1.2333	0.000240336	1.2333	-0.00100958	1.2333	-0.003511912	1.2333	-0.000478009	2.6	0.001342453	5.7667	0.008870116	7.8	0.014479147
1.2667	0.111198635	1.2667	0.033603033	1.2667	0.003418886	1.2667	0.002636613	1.2667	-0.0016072	1.2667	-0.00382808	1.2667	-0.005657709	1.2667	-0.003664736	2.6	0.005081465	5.7667	0.01040674	7.8	0.023670923
1.2667	0.111693101	1.2667	0.024896962	1.2667	0.005782837	1.2667	0.002078423	1.2667	-0.000727471	1.2667	-7.50E-05	1.2667	-0.004052486	1.2667	-0.001917644	2.6	0.014715708	5.7667	0.012386203	7.8	0.027888446
1.2667	0.107293738	1.2667	0.050146053	1.2667	0.007662818	1.2667	0.002668264	1.2667	-0.000360504	1.2667	0.000673054	1.2667	-0.003511912	1.2667	-0.003978682	2.6333	0.001342453	5.8	0.012693935	7.8667	0.017559816
1.3	0.13775388	1.3	0.046984772	1.3	0.003418886	1.3	0.00320979	1.3	-0.0016072	1.3	-0.000883403	1.3	-0.004243281	1.3	-0.005113718	2.6333	0.005081465	5.8	0.013305174	7.8667	0.023670923
1.3	0.144612026	1.3	0.033762349	1.3	0.006586009	1.3	0.002668264	1.3	-0.000121245	1.3	-7.50E-05	1.3	-0.003511912	1.3	-0.002071372	2.6333	0.004448935	5.8	0.014540326	7.8667	0.03932986
1.3	0.118000331	1.3	0.066890273	1.3	0.009692703	1.3	0.003563011	1.3	0.001442015	1.3	-0.000168263	1.3	-0.002745233	1.3	-0.000518958	2.6667	0.001342453	5.8667	0.01040674	7.9333	0.008317808
1.3333	0.165797545	1.3333	0.060738226	1.3333	0.004987183	1.3333	0.002636613	1.3333	-0.00096432	1.3333	-0.002846521	1.3333	-0.002828854	1.3333	-0.006851463	2.6667	0.002258429	5.8667	0.015522703	7.9333	0.036641292
1.3333	0.174061117	1.3333	0.045336605	1.3333	0.008192352	1.3333	0.003757351	1.3333	0.001091207	1.3333	-7.50E-05	1.3333	-0.002745233	1.3333	-0.000319607	2.6667	0.001026677	5.8667	0.021002693	7.9333	0.042190214
1.3333	0.174950298	1.3333	0.087098815	1.3333	0.013752474	1.3333	0.005789894	1.3333	0.001442015	1.3333	-0.000168263	1.3333	-0.002161176	1.3333	-0.00224882	2.7	0.002258429	5.9333	0.01040674	8	0.011398477
1.3667	0.196147935	1.3667	0.083784554	1.3667	0.006869138	1.3667	0.004356143	1.3667	-0.0016072	1.3667	-0.001864962	1.3667	-0.004243281	1.3667	-0.003515681	2.7	0.006712267	5.9333	0.02217529	8	0.036641292
1.3667	0.19809025	1.3667	0.060604772	1.3667	0.01140504	1.3667	0.003757351	1.3667	0.000484981	1.3667	-0.000168263	1.3667	-0.002161176	1.3667	-0.003664736	2.7	-0.00239558	5.9333	0.025310937	8	0.053631627
1.3667	0.186795891	1.3667	0.110194291	1.3667	0.020349602	1.3667	0.0050476	1.3667	0.000841176	1.3667	0.00067465	1.3667	-0.001437979	1.3667	-0.000518958	2.7333	0.002258429	6	0.019555522	8.0667	0.017559816
1.4	0.214519871	1.4	0.104600592	1.4	0.008751094	1.4	0.003563011	1.4	-0.00096432	1.4	-0.000824572	1.4	-0.002828854	1.4	-0.005708543	2.7333	0.00402736	6	0.024392819	8.0667	0.0333987
1.4	0.286477358	1.4	0.077843024	1.4	0.012609797	1.4	0.004356143	1.4	0.000240336	1.4	-0.000883403	1.4	-0.002745233	1.4	-0.003664736	2.7333	0.004448935	6	0.025310937	8.0667	0.056491981
1.4	0.254452452	1.4	0.130691526	1.4	0.023901901	1.4	0.005935526	1.4	0.000484981	1.4	-0.000168263	1.4	0.001891029	1.4	-0.001917644	2.7667	0.002258429	6.0667	0.019555522	8.1333	0.029882494
1.4333	0.29638811	1.4333	0.12690349	1.4333	0.012515006	1.4333	0.0050476	1.4333	-0.00096432	1.4333	-0.002846521	1.4333	-0.004052486	1.4333	-0.003515681	2.7667	0.00402736	6.0667	0.02217529	8.1333	0.043126477
1.4333	0.32244549	1.4333	0.100252753	1.4333	0.016625656	1.4333	0.00664885	1.4333	0.002042855	1.4333	-0.000168263	1.4333	-0.003511912	1.4333	-0.005708543	2.7667	0.004448935	6.0667	0.031773304	8.1333	0.067933395
1.4333	0.284294235	1.4333	0.166489514	1.4333	0.032021443	1.4333	0.005935526	1.4333	0.002909885	1.4333	0.00067465	1.4333	0	1.4333	-0.000478009	2.8	0.002258429	6.1333	0.021842717	8.2	0.020640486
1.4667	0.301485068	1.4667	0.157755833	1.4667	0.01502428	1.4667	0.005789894	1.4667	0.000841176	1.4667	-0.001864962	1.4667	-0.004052486	1.4667	-0.006851463	2.8	0.00402736	6.1333	0.028827878	8.2	0.046369069
1.4667	0.321029143	1.4667	0.112073269	1.4667	0.020239929	1.4667	0.007222027	1.4667	0.00096432	1.4667	-0.000168263	1.4667	-0.002161176	1.4667	-0.003515681	2.8	0.01129345	6.1333	0.038235671	8.2	0.079374808
1.4667	0.307985421	1.4667	0.193049311	1.4667	0.045215698	1.4667	0.008113701	1.4667	0.001697433	1.4667	0.00067465	1.4667	-0.001414427	1.4667	-0.003978682	2.8333	0.001342453	6.2	0.030991499	8.2667	0.029882494
1.5	0.33122684	1.5	0.193812185	1.5	0.020670147	1.5	0.009514734	1.5	0.001091207	1.5	-0.000168263	1.5	-0.004243281	1.5	-0.007438405	2.8333	0.013550573	6.2	0.037697994	8.2667	0.049611661
1.5	0.333043406	1.5	0.137191866	1.5	0.027870061	1.5	0.010243658	1.5	0.001442015	1.5	9.82E-05	1.5	-0.004052486	1.5	-0.001917644	2.8333	0.004448935	6.2	0.042543916	8.2667	0.087955869
1.5	0.450995837	1.5	0.230868154	1.5	0.05688754	1.5	0.010836419	1.5	0.0016072	1.5	0.001424261	1.5	-0.000810441	1.5	-0.002071372	2.8667	0.001342453	6.2667	0.03556589	8.3333	0.023721155
1.5333	0.409125908	1.5333	0.225407957	1.5333	0.028825289	1.5333	0.010243658	1.5333	-0.0016072	1.5333	-0.002846521	1.5333	-0.004243281	1.5333	-0.005708543	2.8667	0.005081465	6.2667	0.037697994	8.3333	0.049611661
1.5333	0.439653744	1.5333	0.164773071	1.5333	0.037508123	1.5333	0.010661088	1.5333	0.001697433	1.5333	-0.00100958	1.5333	-0.002745233	1.5333	-0.000319607	2.8667	0.007871193	6.2667	0.044698038	8.3333	0.096536929
1.5333	0.568225872	1.5333	0.288895538	1.5333	0.080738694	1.5333	0.011380963	1.5333	0.002042855	1.5333	-7.50E-05	1.5333	0.000540294	1.5333	-0.000478009	2.9	0.001342453	6.3333	0.03556589	8.4	0.039124503
1.5667	0.469745547	1.5667	0.285997497	1.5667	0.050760458	1.5667	0.010243658	1.5667	0.00032144	1.5667	-0.004809639	1.5667	-0.004862647	1.5667	-0.003978682	2.9	0.002258429	6.3333	0.051003168	8.4	0.056096845
1.5667	0.5648279	1.5667	0.191122971	1.5667	0.040117023	1.5667	0.012953795	1.5667	0.001442015	1.5667	-0.001850898	1.5667	-0.004052486	1.5667	-0.002071372	2.9	0.014715708	6.3333	0.051160405	8.4	0.11369905
1.5667	0.502298708	1.5667	0.312857094	1.5667	0.094440421	1.5667	0.014103681	1.5667	0.002303659	1.5667	-7.50E-05	1.5667	0	1.5667	-0.000319607	2.9333	0.001342453	6.4	0.047001868	8.4667	0.039124503
1.6	0.498567446	1.6	0.289342932	1.6	0.051722417	1.6	0.013955128	1.6	0.00032144	1.6	-0.000824572	1.6	-0.002828854	1.6	-0.005113718	2.9333	0.005081465	6.4	0.053314528	8.4667	0.059339438
1.6	0.52413326	1.6	0.22018174	1.6	0.071241339	1.6	0.015192768	1.6	0.002042855	1.6	-0.000883403	1.6	-0.001437979	1.6	-0.005708543	2.9333	0.01129345	6.4	0.062090813	8.4667	0.125140464
1.6	0.492047714	1.6	0.349809856	1.6	0.122858817	1.6	0.018112386	1.6	0.002909885	1.6	0.000673054	1.6	-0.000810441	1.6	-0.002071372	2.9667	-0.001342453	6.4667	0.051576259	8.5333	0.045285842
1.6333	0.570022893	1.6333	0.356995056	1.6333	0.06395513	1.6333	0.019151187	1.6333	0.00096432	1.6333	-0.00100958	1.6333	-0.002745233	1.6333	-0.009168266	2.9667	0.007904501	6.4667	0.0687434	8.5333	0.065824622
1.6333	0.618062796	1.6333	0.257120854	1.6333	0.091320633	1.6333	0.01846003	1.6333	0.003244534	1.6333	9.82E-05	1.6333	-0.002161176	1.6333	-0.003664736	2.9667	0.004448935	6.4667	0.068393384	8.5333	0.139442231
1.6333	0.520750497	1.6333	0.521293767	1.6333	0.155844455	1.6333	0.022124623	1.6333	0.004122336	1.6333	0.00067465	1.6333	-0.001414427	1.6333	-0.001917644	3	0.001342453	6.5333	0.060725041	8.6	0.048366512
1.6667	0.671999856	1.6667	0.427992615	1.6667	0.084342984	1.6667	0.020635775	1.6667	0.0016072	1.6667	-0.000883403	1.6667	-0.002828854	1.6667	-0.003664736	3	0.005081465	6.5333	0.075395987	8.6	0.069067214
1.6667	0.55036448	1.6667	0.294306227	1.6667	0.113407858	1.6667	0.027856391	1.6667	0.003845374	1.6667	-7.50E-05	1.6667	-0.002745233	1.6667	-0.001917644	3	0.018137966	6.5333	0.077009873	8.6	0.156604352
1.6667	0.732461187	1.6667	0.413033722	1.6667	0.192382394	1.6667	0.026083642	1.6667	0.004122336	1.6667	-0.000168263	1.6667	-0.000810441	1.6667	-0.003978682	3.0333	0.001342453	6.6	0.067586628	8.6667	0.05760852
1.7	0.543758284	1.7	0.468881262	1.7	0.12987288	1.7	0.026574127	1.7	0.002643695	1.7	-0.000883403	1.7	-0.002828854	1.7	-0.005113718	3.0333	0.007904501	6.6	0.08347224	8.6667	0.082037583
1.7	0.712507371	1.7	0.331245341	1.7	0.10378986	1.7	0.031529079	1.7	0.00225008	1.7	0.00067465	1.7	-0.000810441	1.7	-0.005258099	3.0333	0.007871193	6.6	0.090918691	8.6667	0.176626826
1.7	0.767007236	1.7	0.482608844	1.7	0.235009988	1.7	0.038746749	1.7	0.005941014	1.7	0.000673054	1.7	-0.000130725	1.7	-0.00224882	3.0667	-0.001342453	6.6667	0.081309801	8.7333	0.05760852
1.7333	0.526901093	1.7333	0.529842517	1.7333	0.157582307	1.7333	0.03251248	1.7333	0.00289296	1.7333	-0.000168263	1.7333	-0.002161176	1.7333	-0.003515681	3.0667	0.007904501	6.6667	0.094242852	8.7333	0.085280175
1.7333	0.700610059	1.7333	0.485207085	1.7333	0.127314307	1.7333	0.038608146	1.7333	0.00654724	1.7333	0.002061274	1.7333	-0.001437979	1.7333	-0.003978682	3.0667	0.007871193	6.6667	0.104223865	8.7333	0.18806824
1.7333	0.802402778	1.7333	0.424824427	1.7333	0.275100226	1.7333	0.048490754	1.7333	0.006849572	1.7333	0.002173872	1.7333	-0.001414427	1.7333	-0.002071372	3.1	0.006712267	6.7333	0.088171387	8.8	0.054527851
1.7667	0.668883893	1.7667	0.601211791	1.7667	0.147388501	1.7667	0.040677714	1.7667	0.0016072	1.7667	-0.000824572	1.7667	-0.002745233	1.7667	-0.006851463	3.1	0.007904501	6.7333	0.102859341	8.8	0.088522768
1.7667	0.664947813	1.7667	0.400937134	1.7667	0.190110765	1.7667	0.04949902	1.7667	0.006248733	1.7667	-0.00100958	1.7667	-0.001414427	1.7667	-0.003978682	3.1	0.01129345	6.7333	0.108658923	8.8	0.1966493
1.7667	0.848558565	1.7667	0.638792002	1.7667	0.330922075	1.7667	0.061100643	1.7667	0.007153466	1.7667	9.82E-05	1.7667	0.000540294	1.7667	-0.000319607	3.1333	0.00402736	6.8	0.097320169	8.8667	0.066850529
1.8	0.628093108	1.8	0.679271934	1.8	0.208985302	1.8	0.051812125	1.8	0.00225008	1.8	-0.001850898	1.8	-0.001437979	1.8	-0.003515681	3.1333	0.007904501	6.8	0.113629953	8.8667	0.09176536
1.8	0.851390208	1.8	0.541059503	1.8	0.172481245	1.8	0.063112612	1.8	0.008051252	1.8	0.001079715	1.8	-0.001414427	1.8	-0.003978682	3.1333	0.007871193	6.8	0.121964097	8.8667	0.222392481
1.8	0.776114148	1.8	0.709233204	1.8	0.374564613	1.8	0.076576415	1.8	0.010184596	1.8	0.001424261	1.8	0.000540294	1.8	-0.002071372	3.1667	0.00402736	6.8667	0.113330538	8.9333	0.073011868
1.8333	0.661235621	1.8333	0.722390871	1.8333	0.241112174	1.8333	0.068142595	1.8333	0.003535841	1.8333	0.00067465	1.8333	-0.004052486	1.8333	-0.007438405	3.1667	0.010727537	6.8667	0.12009232	8.9333	0.101493137
1.8333	0.845160593	1.8333	0.517910992	1.8333	0.195064714	1.8333	0.079448922	1.8333	0.009853771	1.8333	0.000673054	1.8333	0.000540294	1.8333	-0.003515681	3.1667	0.004448935	6.8667	0.1374868	8.9333	0.236694249
1.8333	0.881357687	1.8333	0.748784207	1.8333	0.409072665	1.8333	0.096064425	1.8333	0.012003274	1.8333	0.001079715	1.8333	0.004243281	1.8333	-0.003664736	3.2	-0.001342453	6.9333	0.127053711	9	0.076092537
1.8667	0.711657563	1.8667	0.772944106	1.8667	0.273239046	1.8667	0.072596359	1.8667	0.006750241	1.8667	0.001079715	1.8667	-0.001414427	1.8667	-0.007438405	3.2	0.002258429	6.9333	0.124400564	9	0.104735729
1.8667	0.873760191	1.8667	0.52357499	1.8667	0.230194554	1.8667	0.103953387	1.8667	0.01165629	1.8667	0.002173872	1.8667	-0.000810441	1.8667	-0.003515681	3.2	0.007871193	6.9333	0.157444562	9	0.26243743
1.8667	0.914844268	1.8667	0.791222144	1.8667	0.463372101	1.8667	0.121284203	1.8667	0.013215726	1.8667	0.002355688	1.8667	-0.000130725	1.8667	-0.002071372	3.2333	0.001342453	7	0.140776884	9.0667	0.079173207
1.9	0.709108139	1.9	0.529977769	1.9	0.308980191	1.9	0.110453356	1.9	0.004821601	1.9	-0.000168263	1.9	-0.000130725	1.9	-0.006851463	3.2333	0.002258429	7	0.14809591	9.0667	0.114463505
1.9	0.876025505	1.9	0.809743888	1.9	0.256541935	1.9	0.132814202	1.9	0.015034403	1.9	9.82E-05	1.9	0	1.9	-0.001917644	3.2333	0.004448935	7	0.179619852	9.0667	0.288180611
1.9	0.929423459	1.9	0.809121138	1.9	0.50752211	1.9	0.144211273	1.9	0.015261328	1.9	0.002923483	1.9	0.001891029	1.9	-0.000518958	3.2667	-0.001342453	7.0667	0.152212862	9.1333	0.079173207
1.9333	0.697210827	1.9333	0.821638767	1.9333	0.345524508	1.9333	0.143856589	1.9333	0.007393121	1.9333	0.000673054	1.9333	-0.001437979	1.9333	-0.001917644	3.2667	0.007904501	7.0667	0.154558277	9.1333	0.117706098
1.9333	0.897829159	1.9333	0.572088358	1.9333	0.290103479	1.9333	0.144249619	1.9333	0.017664686	1.9333	0.002923483	1.9333	0.000540294	1.9333	-0.000518958	3.2667	0.004448935	7.0667	0.192925026	9.1333	0.302482378
1.9333	0.944230451	1.9333	0.831927921	1.9333	0.546089933	1.9333	0.16427246	1.9333	0.022915341	1.9333	0.003042833	1.9333	0.004243281	1.9333	0.001115354	3.3	0.001342453	7.1333	0.170510426	9.2	0.088415216
1.9667	0.89351648	1.9667	0.839852801	1.9667	0.378052966	1.9667	0.171321469	1.9667	0.008678881	1.9667	0.001424261	1.9667	-0.001414427	1.9667	-0.001917644	3.3	0.007904501	7.1333	0.173945378	9.2	0.130676467
1.9667	0.916518005	1.9667	0.610505036	1.9667	0.319587452	1.9667	0.167664997	1.9667	0.021269724	1.9667	0.001514371	1.9667	-0.000130725	1.9667	-0.003978682	3.3	0.01129345	7.1333	0.212882788	9.2	0.339666973
1.9667	0.953570245	1.9667	0.845785207	1.9667	0.597344541	1.9667	0.196370358	1.9667	0.028371374	1.9667	0.002061274	1.9667	0.001891029	1.9667	-0.000478009	3.3333	0.001342453	7.2	0.193382381	9.2667	0.097657224
2	0.908529755	2	0.902672631	2	0.427046445	2	0.196559467	2	0.013821922	2	0.002173872	2	-0.001437979	2	-0.001917644	3.3333	0.010727537	7.2	0.189024234	9.2667	0.130676467
2	0.912553705	2	0.634884851	2	0.374164169	2	0.197614899	2	0.026677282	2	0.002355688	2	0.001891029	2	-0.00224882	3.3333	0.01129345	7.2	0.235058078	9.2667	0.351108387
2	0.951520046	2	0.894285707	2	0.646569263	2	0.231907317	2	0.036252311	2	0.004024392	2	0.004243281	2	-0.000478009	3.3667	0.00402736	7.2667	0.197956772	9.3333	0.103818563
2.0333	0.911928987	2.0333	0.90490292	2.0333	0.439094022	2.0333	0.23367417	2.0333	0.013821922	2.0333	0.002173872	2.0333	-0.000810441	2.0333	-0.002071372	3.3667	0.005081465	7.2667	0.210565457	9.3333	0.133919059
2.0333	0.946816589	2.0333	0.921711585	2.0333	0.345307514	2.0333	0.221030277	2.0333	0.032084839	2.0333	0.002355688	2.0333	-0.000130725	2.0333	-0.00224882	3.3667	0.004448935	7.2667	0.250580781	9.3333	0.385432628
2.0333	0.967466037	2.0333	0.81736407	2.0333	0.700868699	2.0333	0.265724746	2.0333	0.046558152	2.0333	0.003042833	2.0333	0.001414427	2.0333	0.00127843	3.4	0.002258429	7.3333	0.225403118	9.4	0.103818563
2.0667	0.913628603	2.0667	0.91010693	2.0667	0.360049501	2.0667	0.271531167	2.0667	0.017036323	2.0667	0.001514371	2.0667	0.001176528	2.0667	-0.002071372	3.4	0.006712267	7.3333	0.225644313	9.4	0.153374612
2.0667	0.95927582	2.0667	0.653600668	2.0667	0.494512876	2.0667	0.260237421	2.0667	0.041698273	2.0667	0.003673095	2.0667	0.002828854	2.0667	-0.000518958	3.4	0.007871193	7.3333	0.283843717	9.4	0.402594749
2.0667	0.956531643	2.0667	0.921134198	2.0667	0.788661244	2.0667	0.289224993	2.0667	0.057470219	2.0667	0.005005951	2.0667	0.003241765	2.0667	0.002876467	3.4333	0.00402736	7.4	0.245987878	9.4667	0.12538325
2.1	0.920710336	2.1	0.888919177	2.1	0.537884153	2.1	0.30864587	2.1	0.019607843	2.1	0.004024392	2.1	-0.000810441	2.1	-0.000319607	3.4333	0.010727537	7.4	0.247185537	9.4667	0.166344981
2.1	0.951064054	2.1	0.669607617	2.1	0.432504798	2.1	0.283108255	2.1	0.050710868	2.1	0.004038322	2.1	0.001176528	2.1	-0.000478009	3.4333	0.014715708	7.4	0.29936642	9.4667	0.439779344
2.1	0.969744036	2.1	0.945384448	2.1	0.85412505	2.1	0.340237725	2.1	0.068382286	2.1	0.005172317	2.1	0.004243281	2.1	-0.000518958	3.4667	0.00402736	7.4667	0.264285442	9.5333	0.119221911
2.1333	0.931757841	2.1333	0.907504925	2.1333	0.457597541	2.1333	0.343533691	2.1333	0.027322404	2.1333	0.003197005	2.1333	-0.001437979	2.1333	-0.000319607	3.4667	0.005081465	7.4667	0.270880882	9.5333	0.153374612
2.1333	0.956161012	2.1333	0.676010397	2.1333	0.600129968	2.1333	0.318503594	2.1333	0.062126822	2.1333	0.005172317	2.1333	0.001891029	2.1333	-0.000478009	3.4667	0.004448935	7.4667	0.332629356	9.5333	0.445500051
2.1333	0.973616634	2.1333	0.945095754	2.1333	0.827736539	2.1333	0.363164795	2.1333	0.086569064	2.1333	0.00598751	2.1333	0.004243281	2.1333	0.001210903	3.5	-0.000564607	7.5333	0.294018984	9.6	0.119221911
2.1667	0.898615328	2.1667	0.937985553	2.1667	0.460106815	2.1667	0.450424035	2.1667	0.031822565	2.1667	0.004879639	2.1667	-0.000130725	2.1667	-0.001917644	3.5	0.006712267	7.5333	0.288113861	9.6	0.176072758
2.1667	0.98277846	2.1667	0.943940981	2.1667	0.681250319	2.1667	0.338107166	2.1667	0.074143616	2.1667	0.006969069	2.1667	0.001891029	2.1667	-0.000478009	3.5	0.004448935	7.5333	0.357022175	9.6	0.479824293
2.1667	0.985690027	2.1667	0.966105565	2.1667	0.918066442	2.1667	0.404433522	2.1667	0.104149617	2.1667	0.006671539	2.1667	0.002828854	2.1667	-0.000518958	3.5333	0.001342453	7.6	0.314603743	9.6667	0.140786598
2.2	0.903997445	2.2	0.953969296	2.2	0.911469314	2.2	0.433351272	2.2	0.040822887	2.2	0.004879639	2.2	-0.000130725	2.2	-0.003515681	3.5333	0.005081465	7.6	0.309655084	9.6667	0.185800534
2.2	0.968620243	2.2	0.953467864	2.2	0.755945297	2.2	0.384937922	2.2	0.089164608	2.2	0.00742115	2.2	0.001891029	2.2	-0.000518958	3.5333	0.014715708	7.6	0.39250264	9.6667	0.49412606
2.2	0.986145626	2.2	0.974724692	2.2	0.5996852	2.2	0.447994956	2.2	0.127186202	2.2	0.008932187	2.2	0.004243281	2.2	0.002708718	3.5667	0.00402736	7.6667	0.332901308	9.7333	0.150028606
2.2333	0.896349173	2.2333	0.958429876	2.2333	0.670809086	2.2333	0.481600386	2.2333	0.052394728	2.2333	0.006562273	2.2333	-0.001437979	2.2333	-0.001917644	3.5667	0.007904501	7.6667	0.331196307	9.7333	0.198770903
2.2333	0.9657886	2.2333	0.961839975	2.2333	0.959171622	2.2333	0.430679591	2.2333	0.106588958	2.2333	0.00742115	2.2333	0.0045925	2.2333	-0.000478009	3.5667	0.01129345	7.6667	0.396937698	9.7333	0.517008888
2.2333	0.985462227	2.2333	0.97743356	2.2333	0.630423811	2.2333	0.492702743	2.2333	0.150829014	2.2333	0.009913746	2.2333	0.005657709	2.2333	-0.000518958	3.6	0.00402736	7.7333	0.353486067	9.8	0.143867267
2.2667	0.901448021	2.2667	0.963633886	2.2667	0.562380893	2.2667	0.567706497	2.2667	0.06268081	2.2667	0.006562273	2.2667	0.002483782	2.2667	-0.000319607	3.6	0.013550573	7.7333	0.35273753	9.8	0.224711641
2.2667	0.983061624	2.2667	0.975119873	2.2667	0.926693455	2.2667	0.460629492	2.2667	0.125815828	2.2667	0.009913746	2.2667	0.0045925	2.2667	0.001115354	3.6	0.01129345	7.7333	0.419112988	9.8	0.548472776
2.2667	0.988195825	2.2667	0.980388689	2.2667	0.646420435	2.2667	0.513337107	2.2667	0.176896729	2.2667	0.008920373	2.2667	0.005657709	2.2667	0.001210903	3.6333	0.007904501	7.8	0.385506804	9.8667	0.162351284
2.3	0.894366288	2.3	0.971068185	2.3	0.572822127	2.3	0.647131961	2.3	0.076824172	2.3	0.008244907	2.3	0.001176528	2.3	0.00127843	3.6333	0.009397174	7.8	0.376432876	9.8667	0.221469049
2.3	0.987592254	2.3	0.96645907	2.3	0.606899364	2.3	0.489490307	2.3	0.146845216	2.3	0.009669984	2.3	0.003241765	2.3	-0.000518958	3.6333	0.014715708	7.8	0.452375924	9.8667	0.56849525
2.3	0.97908383	2.3	0.985067643	2.3	1.005858988	2.3	0.552313126	2.3	0.204783123	2.3	0.012858422	2.3	0.004243281	2.3	0.002708718	3.6667	0.009397174	7.8667	0.406091564	9.9333	0.168512623
2.3333	0.898048789	2.3333	0.981476204	2.3333	0.58326336	2.3333	0.681277488	2.3333	0.094824815	2.3333	0.009927542	2.3333	0.002483782	2.3333	-0.001917644	3.6667	0.010727537	7.8667	0.393665855	9.9333	0.23768201
2.3333	1.007980086	2.3333	0.980605049	2.3333	0.992157261	2.3333	0.524885646	2.3333	0.167874605	2.3333	0.011918817	2.3333	0.002828854	2.3333	-0.002071372	3.6667	0.004448935	7.8667	0.476768743	9.9333	0.597098784
2.3333	0.989107025	2.3333	0.995164334	2.3333	0.642342864	2.3333	0.586703732	2.3333	0.234488194	2.3333	0.017766217	2.3333	0.0045925	2.3333	-0.000518958	3.7	0.005081465	7.9333	0.435825106	10	0.165431954
2.3667	0.95356958	2.3667	0.924603814	2.3667	0.602539483	2.3667	0.733238072	2.3667	0.110896818	2.3667	0.010768859	2.3667	0.001176528	2.3667	-0.003515681	3.7	0.006712267	7.9333	0.428131812	10	0.244167194
2.3667	0.992689212	2.3667	0.977718114	2.3667	1.002306688	2.3667	0.565181878	2.3667	0.192509031	2.3667	0.013418039	2.3667	0.0045925	2.3667	-0.002071372	3.7	0.01129345	7.9333	0.512249208	10	0.617121259
2.3667	1.000041418	2.3667	0.997873203	2.3667	0.631992107	2.3667	0.630838343	2.3667	0.258131005	2.3667	0.016784658	2.3667	0.007072136	2.3667	-0.000518958	3.7333	0.006712267	8	0.436748301	10.067	0.19007731
2.4	0.892949941	2.4	0.989265853	2.4	0.662777368	2.4	0.781487186	2.4	0.12504018	2.4	0.016658078	2.4	0.002483782	2.4	-0.002071372	3.7333	0.010727537	8	0.467845843	10.067	0.250652379
2.4	0.990707061	2.4	0.99688816	2.4	1.11851763	2.4	0.645167762	2.4	0.208130863	2.4	0.016416484	2.4	0.004243281	2.4	0.002876467	3.7333	0.014715708	8	0.521119324	10.067	0.64286444
2.4	1.000269218	2.4333	0.997060576	2.4	0.716680116	2.4	0.668645175	2.4	0.292685884	2.4	0.020710894	2.4	0.0045925	2.4	0.001210903	3.7667	0.006712267	8.0667	0.479281821	10.133	0.199319319
2.4333	0.971132279	2.4333	0.998858246	2.4333	0.814978424	2.4333	0.801529126	2.4333	0.147540984	2.4333	0.018340712	2.4333	0.005943235	2.4333	-0.000319607	3.7667	0.013550573	8.0667	0.469060136	10.133	0.286320893
2.4333	1.002599963	2.4667	0.997349269	2.4333	1.135771656	2.4333	0.672680246	2.4333	0.240576205	2.4333	0.023655571	2.4333	0.006405543	2.4333	-0.000518958	3.7667	0.014715708	8.0667	0.552164731	10.133	0.640004086
2.4333	1.002319417	2.4667	0.999104506	2.4333	0.791644687	2.4333	0.745425833	2.4333	0.322390955	2.4333	0.019414929	2.4333	0.007072136	2.4333	0.001115354	3.8	0.009397174	8.1333	0.502153776	10.2	0.208561327
2.4667	0.960368044	2.5	0.986667611	2.4667	0.855137014	2.4667	0.818601889	2.4667	0.170041787	2.4667	0.018340712	2.4667	0.005657709	2.4667	-0.000319607	3.8	0.010727537	8.1333	0.497063726	10.2	0.289563485
2.4667	1.004298949	2.5	1.007231111	2.4667	1.14845844	2.4667	0.661789888	2.4667	0.256198037	2.4667	0.02016454	2.4667	0.006405543	2.4667	-0.000518958	3.8	0.014715708	8.1333	0.565469905	10.2	0.680049035
2.4667	1.009153413	2.5333	0.996483189	2.4667	0.811091563	2.4667	0.764484862	2.4667	0.359370737	2.4667	0.027581807	2.4667	0.007293971	2.4667	0.001115354	3.8333	0.007904501	8.2	0.527312926	10.267	0.227045345
2.5	0.935723612	2.5333	1.01338763	2.5	0.876019481	2.5	0.846066769	2.5	0.18868531	2.5	0.022547298	2.5	0.007712796	2.5	-0.005258099	3.8333	0.009397174	8.2	0.494909604	10.267	0.302533854
2.5	0.987875418	2.5667	0.991286707	2.5	1.127652115	2.5	0.728278392	2.5	0.279630784	2.5	0.023912595	2.5	0.009995441	2.5	-0.001917644	3.8333	0.01129345	8.2	0.60095037	10.267	0.705792216
2.5	0.997763419	2.5667	1.014372673	2.5	0.779098315	2.5	0.786266609	2.5	0.391500712	2.5	0.033471161	2.5	0.011315417	2.5	0.001210903	3.8667	0.007904501	8.2667	0.547897686	10.333	0.236287353
2.5333	0.977080935	2.6	0.985512838	2.5333	1.005351516	2.5333	0.857943474	2.5333	0.219543555	2.5333	0.0275952	2.5333	0.007072136	2.5333	-0.003515681	3.8667	0.012082081	8.2667	0.518604949	10.333	0.309019039
2.5333	0.992689212	2.6333	1.010629168	2.5333	0.928627233	2.5333	0.757510407	2.5333	0.300059333	2.5333	0.029159873	2.5333	0.008644706	2.5333	-0.002071372	3.8667	0.01129345	8.2667	0.60095037	10.333	0.702931862
2.5333	1.006192015	2.6667	1.002545751	2.5333	0.792272005	2.5333	0.804781093	2.5333	0.422418235	2.5333	0.042305191	2.5333	0.00902005	2.5333	-0.00224882	3.9	0.012082081	8.3333	0.577631228	10.4	0.239368023
2.5667	0.964617084	2.7	1.010051781	2.5667	1.018545772	2.5667	0.900254236	2.5667	0.244615879	2.5667	0.030960469	2.5667	0.006405543	2.5667	-0.007438405	3.9	0.013550573	8.3333	0.54660854	10.4	0.331717184
2.5667	0.99325554	2.7333	0.988977159	2.5667	0.931839921	2.5667	0.759803114	2.5667	0.326496279	2.5667	0.034407151	2.5667	0.008486563	2.5667	0.00127843	3.9	0.004448935	8.3333	0.627560718	10.4	0.73439575
2.5667	0.997991219	2.7667	1.004277912	2.5667	0.908953262	2.5667	0.855968199	2.5667	0.446667273	2.5667	0.047212986	2.5667	0.009995441	2.5667	0.002708718	3.9333	0.013550573	8.4	0.600503183	10.467	0.25785204
2.6	0.899181867	2.8	1.004855299	2.6	1.007381402	2.6	0.973741348	2.6	0.267759563	2.6	0.036849688	2.6	0.010327304	2.6	-0.000319607	3.9333	0.017451895	8.4	0.568149763	10.467	0.341444961
2.6	1.002033635			2.6	0.934249436	2.6	0.767254412	2.6	0.351130705	2.6	0.038904818	2.6	0.012696912	2.6	-0.000518958	3.9333	0.014715708	8.4	0.671911299	10.467	0.754418225
2.6	1.005280815			2.6	0.932477709	2.6	0.85324548	2.6	0.461822921	2.6	0.058991694	2.6	0.015558699	2.6	0.001115354	3.9667	0.012082081	8.4667	0.581074497	10.533	0.264013379
2.6333	0.927508801			2.6333	0.993679675	2.6333	0.987844935	2.6333	0.302475088	2.6333	0.041056274	2.6333	0.011634557	2.6333	0.00127843	3.9667	0.013550573	8.4667	0.637098311	10.533	0.35441533
2.6333	0.998918827			2.6333	0.947501771	2.6333	0.7798643	2.6333	0.364950018	2.6333	0.044901707	2.6333	0.014047647	2.6333	-0.000518958	3.9667	0.014715708	8.4667	0.663041183	10.533	0.762999285
2.6667	0.913345334			2.6333	0.950669948	2.6333	0.901165323	2.6333	0.474553666	2.6333	0.069788842	2.6333	0.014144272	2.6333	0.001115354	4	0.013550573	8.5333	0.598307475	10.6	0.264013379
2.6667	0.99127339			2.6667	0.990127375	2.6667	0.972999054	2.6667	0.319189971	2.6667	0.051993396	2.6667	0.015398382	2.6667	-0.003978682	4	0.014766988	8.5333	0.657683071	10.6	0.41278199
2.7	0.891250325			2.6667	0.948304942	2.6667	0.793620543	2.6667	0.387781925	2.6667	0.056895485	2.6667	0.015556318	2.6667	-0.000478009	4	0.018137966	8.5333	0.702956705	10.6	0.748697518
2.7	0.989857568			2.6667	0.967607549	2.6667	0.898987149	2.6667	0.521233064	2.6667	0.08156755	2.6667	0.016973126	2.6667	0.002876467	4.0333	0.013550573	8.6	0.615540454	10.667	0.245529362
2.7333	0.905697061			2.7	0.980485419	2.7	0.965576113	2.7	0.345548055	2.7	0.062089201	2.7	0.016863572	2.7	-0.000319607	4.0333	0.014766988	8.6	0.67369344	10.667	0.454935689
2.7333	1.00175047			2.7	0.933044678	2.7	0.806230431	2.7	0.409412153	2.7	0.06664043	2.7	0.018099853	2.7	-0.000478009	4.0333	0.014715708	8.6	0.714044351	10.667	0.765859638
2.7667	0.915894758			2.7	0.984231492	2.7	0.932204313	2.7	0.53517626	2.7	0.092364698	2.7	0.018387553	2.7	-0.000518958	4.0667	0.010727537	8.6667	0.645698166	10.733	0.270174718
2.7667	1.000051484			2.7333	0.986575076	2.7333	0.963349231	2.7333	0.365477338	2.7333	0.072185006	2.7333	0.018170825	2.7333	-0.000319607	4.0667	0.01129345	8.6667	0.710288568	10.733	0.467906057
2.8	0.99662652			2.7333	0.953525559	2.7333	0.816547613	2.7333	0.438252458	2.7333	0.076385375	2.7333	0.019450588	2.7333	-0.000478009	4.0667	0.020136802	8.6667	0.720696938	10.733	0.780161406
2.8	1.007980086			2.7333	0.969175846	2.7333	0.946906992	2.7333	0.561243976	2.7333	0.109051201	2.7333	0.021216407	2.7333	-0.000518958	4.1	0.013550573	8.7333	0.615540454	10.8	0.282497396
2.8333	0.997219841			2.7667	0.992157261	2.7667	1.027928814	2.7667	0.391835423	2.7667	0.082280811	2.7667	0.019478079	2.7667	-0.002071372	4.1	0.022821709	8.7333	0.691991004	10.8	0.497089387
2.8333	1.005407869			2.7667	0.951116044	2.7667	0.815974436	2.7667	0.457479327	2.7667	0.090627987	2.7667	0.022630835	2.7667	-0.00224882	4.1	0.018137966	8.7333	0.742872228	10.8	0.80876494
2.8667	1.004865278			2.7667	0.995209567	2.7667	0.92730342	2.7667	0.525476645	2.7667	0.124756144	2.7667	0.02485353	2.7667	0.002876467	4.1333	0.019196645	8.8	0.637081677	10.867	0.282497396
2.8667	1.022970568			2.8	0.989619904	2.8	1.045001577	2.8	0.422050788	2.8	0.092376616	2.8	0.024707093	2.8	0.00127843	4.1333	0.022821709	8.8	0.733160523	10.867	0.523030125
2.9	1.004015785			2.8	0.958746176	2.8	0.814828083	2.8	0.462286045	2.8	0.106369821	2.8	0.027555	2.8	0.001115354	4.1333	0.024982481	8.8	0.765047518	10.867	0.834508121
2.9	1.012206333			2.8	0.988622722	2.8	0.928392507	2.8	0.573368494	2.8	0.142424205	2.8	0.032531825	2.8	0.002940765	4.1667	0.022019681	8.8667	0.684472368	10.933	0.288658735
2.9333	0.99325554			2.8333	0.978963005	2.8333	1.004917698	2.8333	0.441337191	2.8333	0.115933494	2.8333	0.026014347	2.8333	0.00127843	4.1667	0.018137966	8.8667	0.751458087	10.933	0.539243086
2.9333	1.026086531			2.8333	0.968384237	2.8333	0.823425734	2.8333	0.488122151	2.8333	0.122111655	2.8333	0.031607206	2.8333	-0.000518958	4.1667	0.028191523	8.8667	0.776135164	10.933	0.820206354
2.9667	1.007130593			2.8333	0.998973479	2.8333	0.963243302	2.8333	0.561850202	2.8333	0.165000061	2.8333	0.036775106	2.8333	0.001115354	4.2	0.019196645	8.9333	0.678010001	11	0.3225461
2.9667	1.016455373			2.8667	1.00687393	2.8667	1.015309815	2.8667	0.456123433	2.8667	0.12855325	2.8667	0.032550615	2.8667	0.002876467	4.2	0.018137966	8.9333	0.762894065	11	0.532757902
3	1.030052302			2.8667	0.974408026	2.8667	0.83832833	2.8667	0.506748181	2.8667	0.137103877	2.8667	0.036775106	2.8667	0.002708718	4.2	0.025506616	8.9333	0.800527983	11	0.828787414
3.0333	1.027502878			2.8667	0.995836886	2.8667	0.944728817	2.8667	0.640659574	2.8667	0.188557476	2.8667	0.038360883	2.8667	0.002940765	4.2333	0.027665753	9	0.688780613	11.067	0.381078821
				2.9	0.998754388	2.9	1.013082933	2.9	0.478624237	2.9	0.142855641	2.9	0.035165122	2.9	-0.000518958	4.2333	0.021560224	9	0.783478824	11.067	0.591124562
				2.9	0.956738246	2.9	0.825718441	2.9	0.491727189	2.9	0.155844156	2.9	0.042413089	2.9	0.001115354	4.2333	0.033561337	9	0.802745512	11.067	0.857390949
				2.9	0.996150545	2.9	0.97631235	2.9	0.684914067	2.9	0.205243979	2.9	0.043847242	2.9	0.002876467	4.2667	0.027665753	9.0667	0.716784203	11.133	0.38724016
				2.9333	0.995202089	2.9333	0.972999054	2.9333	0.50048216	2.9333	0.158840665	2.9333	0.039086883	2.9333	-0.000478009	4.2667	0.024982481	9.0667	0.797201997	11.133	0.597609746
				2.9333	0.955935075	2.9333	0.905390011	2.9333	0.478508716	2.9333	0.170836379	2.9333	0.050919378	2.9333	0.002876467	4.2667	0.036246244	9.0667	0.813833157	11.133	0.863111656
				2.9333	0.998032501	2.9333	0.977401438	2.9333	0.713406687	2.9333	0.226838276	2.9333	0.053218971	2.9333	0.006400488	4.3	0.022019681	9.1333	0.708167714	11.2	0.344110787
				2.9667	1.003321631	2.9667	0.998237052	2.9667	0.494696239	2.9667	0.179873592	2.9667	0.044315898	2.9667	0.001210903	4.3	0.021560224	9.1333	0.778352693	11.2	0.626793076
				2.9667	0.978825471	2.9667	0.89679236	2.9667	0.501941463	2.9667	0.244506337	2.9667	0.059405941	2.9667	0.004474504	4.3	0.036246244	9.1333	0.824648344	11.2	0.857390949
				2.9667	0.98078124	2.9667	0.982302331	2.9667	0.746142887	2.9667	0.196323157	2.9667	0.059972648	2.9667	0.005895445	4.3333	0.024982481	9.2	0.740479549	11.267	0.427288864
				3	1.009918758	3	1.00343311	3	0.515268402	3	0.195858617	3	0.046930405	3	-0.000478009	4.3333	0.033311824	9.2	0.824648344	11.267	0.655976406
				3	0.973604854	3	0.916853546	3	0.521769172	3	0.265119075	3	0.068077059	3	0.00127843	4.3333	0.033561337	9.2	0.811615628	11.267	0.868832363
				3	0.999287138	3	0.975767807	3	0.787972477	3	0.210565769	3	0.073550212	3	0.001210903	4.3667	0.027665753	9.2667	0.729708937	11.333	0.396482169
				3.0333	1.014993472	3.0333	1.013082933	3.0333	0.530697525	3.0333	0.2295113	3.0333	0.05608118	3.0333	0.002876467	4.3667	0.024982481	9.2667	0.794914802	11.333	0.655976406
				3.0333	0.995290493	3.0333	0.925451198	3.0333	0.536790164	3.0333	0.294565844	3.0333	0.076379066	3.0333	0.004302081	4.3667	0.044300965	9.2667	0.836008448	11.333	0.877413423
				3.0333	0.993013952	3.0333	0.989925942	3.0333	0.838895456	3.0333	0.23080527	3.0333	0.077532207	3.0333	0.004670626	4.4	0.033311824	9.3333	0.721092448	11.4	0.368756143
				3.0667	0.981234986	3.0667	0.992298699	3.0667	0.531983285	3.0667	0.245496324	3.0667	0.063924702	3.0667	-0.000518958	4.4	0.031826997	9.3333	0.822361148	11.4	0.659218999
				3.0667	0.985799788	3.0667	0.939780617	3.0667	0.504344822	3.0667	0.242049437	3.0667	0.086280057	3.0667	0.002876467	4.4	0.049670779	9.3333	0.85374868	11.4	0.888854837
				3.1	0.994487321	3.0667	0.994282291	3.0667	0.834045649	3.0667	0.32695729	3.0667	0.092390295	3.0667	0.002708718	4.4333	0.033311824	9.4	0.734017182	11.467	0.362594804
				3.1	1.004933005	3.1	1.002690816	3.1	0.538412086	3.1	0.268211886	3.1	0.067846463	3.1	-0.000518958	4.4333	0.031826997	9.4	0.83150993	11.467	0.688402328
				3.1333	1.006534898	3.1	0.938061086	3.1	0.553012835	3.1	0.324994172	3.1	0.09476662	3.1	0.002876467	4.4333	0.0577255	9.4	0.864836325	11.467	0.903156604
				3.1333	0.991759315	3.1	1.014974951	3.1	0.84435149	3.1	0.263038549	3.1	0.100494707	3.1	0.004302081	4.4667	0.031826997	9.4667	0.783561995	11.533	0.396482169
				3.1667	1.001314281	3.1333	0.987102641	3.1333	0.56155577	3.1333	0.280831642	3.1333	0.080918999	3.1333	-0.000518958	4.4667	0.038957896	9.4667	0.870392254	11.533	0.694887513
				3.1667	0.977644647	3.1333	0.9179999	3.1333	0.551210316	3.1333	0.281778827	3.1333	0.111739745	3.1333	0.002708718	4.4667	0.060410407	9.4667	0.844878564	11.533	0.900296251
				3.2	1.01416503	3.1333	0.998638641	3.1333	0.860113364	3.1333	0.369164325	3.1333	0.112651325	3.1333	0.004474504	4.5	0.038957896	9.5333	0.772791384	11.6	0.396482169
				3.2	0.977958306	3.1667	0.988587229	3.1667	0.569270331	3.1667	0.311119057	3.1667	0.093991536	3.1667	-0.000319607	4.5	0.04209377	9.5333	0.884115427	11.6	0.711100474
				3.2333	1.008542827	3.1667	0.930609788	3.1667	0.562025431	3.1667	0.300519106	3.1667	0.123457207	3.1667	0.001210903	4.5	0.063095314	9.5333	0.898099261	11.6	0.917458372
				3.2333	0.97607635	3.1667	0.95398606	3.1667	0.871631657	3.1667	0.399592653	3.1667	0.128712871	3.1667	0.005895445	4.5333	0.038671512	9.6	0.792178484	11.667	0.414966186
				3.2667	1.01416503	3.2	0.992298699	3.2	0.573770492	3.2	0.334675935	3.2	0.100527804	3.2	0.002876467	4.5333	0.047427004	9.6	0.884115427	11.667	0.730556027
				3.2667	0.976703669	3.2	0.931182965	3.2	0.664769015	3.2	0.409408243	3.2	0.14427157	3.2	0.005895445	4.5333	0.076519849	9.6	0.882576558	11.667	0.903156604
				3.3	0.98078124	3.2	0.988292311	3.2	0.877693917	3.2	0.326755496	3.2	0.141016766	3.2	0.006400488	4.5667	0.05025004	9.6667	0.792178484	11.733	0.439611542
				3.3333	1.003364709	3.2333	0.947805091	3.2333	0.597557056	3.2333	0.327945399	3.2333	0.110985833	3.2333	0.002708718	4.5667	0.048938285	9.6667	0.902412991	11.733	0.701372697
				3.3667	0.974821713	3.2333	0.95997604	3.2333	0.67378161	3.2333	0.427076304	3.2333	0.159830269	3.2333	0.006072541	4.5667	0.079204756	9.6667	0.887011616	11.733	0.923179079
				3.4	1.000228116	3.2667	0.956975919	3.2333	0.897699373	3.2333	0.340248496	3.2333	0.155874854	3.2333	0.004670626	4.6	0.038671512	9.7333	0.785716117	11.8	0.448853551
				3.4333	0.989877359	3.2667	1.041113047	3.2667	0.621343619	3.2667	0.354867545	3.2667	0.117522101	3.2667	0.002876467	4.6	0.058719148	9.7333	0.916136164	11.8	0.740283804
				3.4667	0.984545151	3.3	0.966146748	3.2667	0.703222754	3.2667	0.431984099	3.2667	0.170732943	3.2667	0.002940765	4.6	0.087259477	9.7333	0.920274551	11.8	0.960363674
				3.5	1.005873983	3.3	1.011707689	3.2667	0.906792762	3.2667	0.358988775	3.2667	0.182461103	3.2667	0.004302081	4.6333	0.045516028	9.8	0.904700187	11.867	0.501224933
				3.5333	1.005873983	3.3333	0.979329813	3.3	0.726133076	3.3	0.375900472	3.3	0.134516398	3.3	0.00127843	4.6333	0.061542184	9.8	0.861110399	11.867	0.759739357
				3.5667	1.021556948	3.3333	1.028588543	3.3	0.726655501	3.3	0.457504632	3.3	0.193776521	3.3	0.004302081	4.6333	0.097999105	9.8	0.90031679	11.867	0.971805087
				3.6	1.021870607	3.3667	0.997671469	3.3	0.903761632	3.3	0.377729053	3.3	0.200449119	3.3	0.006400488	4.6667	0.059205058	9.8667	0.916136164	11.933	0.538192967
						3.3667	1.030222174	3.3333	0.765348762	3.3333	0.389361545	3.3333	0.144974427	3.3333	0.00127843	4.6667	0.06436522	9.8667	0.920274551	11.933	0.772709726
						3.4	1.003976414	3.3333	0.780731072	3.3333	0.477135811	3.3333	0.219236209	3.3333	0.004302081	4.6667	0.103368919	9.8667	0.906346968	11.933	0.968944734
						3.4	1.003539534	3.3333	0.892849565	3.3333	0.38897322	3.3333	0.211255002	3.3333	0.006400488	4.7	0.055782801	9.9333	0.906987382	12	0.562838324
						3.4333	1.029769368	3.3667	0.801350048	3.3667	0.412077107	3.3667	0.152817949	3.3667	0.004474504	4.7	0.067188256	9.9333	0.918057022	12	0.779194911
						3.4333	0.999727728	3.3667	0.805966338	3.3667	0.493822313	3.3667	0.232866767	3.3667	0.005895445	4.7	0.106053826	9.9333	0.902038723	12	0.968944734
						3.4667	1.030342545	3.3667	0.916492377	3.3667	0.403965443	3.3667	0.24893918	3.3667	0.009860211	4.7333	0.059205058	10	0.929859337	12.067	0.550515645
						3.4667	0.997549553	3.4	0.839279974	3.4	0.427220814	3.4	0.173734007	3.4	0.004474504	4.7333	0.0784804	10	0.904751848	12.067	0.798650464
						3.5	0.994232409	3.4	0.813176414	3.4	0.502656344	3.4	0.263083451	3.4	0.004670626	4.7333	0.122163268	10	0.902038723	12.067	0.960363674
						3.5	0.982302331	3.4	0.944984996	3.4	0.423455333	3.4	0.253127796	3.4	0.007488808	4.7667	0.062627316	10.067	0.929859337	12.133	0.596725688
						3.5333	1.013720419	3.4333	0.863066538	3.4333	0.446571107	3.4333	0.185499289	3.4333	0.006072541	4.7667	0.0784804	10.067	0.942449842	12.133	0.782437503
						3.5667	0.993086055	3.4333	0.854033512	3.4333	0.55369741	3.4333	0.27864215	3.4333	0.007488808	4.7667	0.132902896	10.067	0.921425824	12.133	0.95750332
						3.6	0.972451692	3.4333	0.921342184	3.4333	0.427203388	3.4333	0.273388826	3.4333	0.011590072	4.8	0.066049574	10.133	0.945869706	12.2	0.605967697
						3.6333	0.928317081	3.4667	0.8772099	3.4667	0.440681887	3.4667	0.192035557	3.4667	0.004474504	4.8	0.084126472	10.133	0.906346968	12.2	0.811620833
						3.6667	0.884755648	3.4667	0.844420077	3.4667	0.516398169	3.4667	0.297029703	3.4667	0.008130349	4.8	0.143642524	10.133	0.949102429	12.2	0.95750332
						3.7	1.01887901	3.4667	0.940741414	3.4667	0.442195611	3.4667	0.288246914	3.4667	0.009082171	4.8333	0.069471832	10.2	0.92249208	12.267	0.615209706
						3.7333	1.044671964	3.5	0.87335262	3.5	0.454142961	3.5	0.209029854	3.5	0.010866652	4.8333	0.095418616	10.2	0.955018488	12.267	0.814863425
						3.7667	1.068745388	3.5	0.8750629	3.5	0.430951444	3.5	0.303105003	3.5	0.009860211	4.8333	0.154382152	10.2	0.960200026	12.267	0.95750332
								3.5	0.927404444	3.5	0.574310148	3.5	0.31824611	3.5	0.013862261	4.8667	0.083160862	10.267	0.950444097	12.333	0.642935731
								3.5333	0.903567985	3.5333	0.4659214	3.5333	0.216873376	3.5333	0.006072541	4.8667	0.115179868	10.267	0.9468849	12.333	0.824591202
								3.5333	0.876865419	3.5333	0.565476117	3.5333	0.322489392	3.5333	0.012268898	4.8667	0.162436873	10.267	0.925734068	12.333	0.94892226
								3.5333	0.958928193	3.5333	0.447442889	3.5333	0.319313826	3.5333	0.015049795	4.9	0.076316347	10.333	0.950444097	12.4	0.655258409
								3.5667	0.926068788	3.5667	0.493684864	3.5667	0.256090985	3.5667	0.009268615	4.9	0.112356832	10.333	0.962407603	12.4	0.827833794
								3.5667	0.899697327	3.5667	0.4481925	3.5667	0.338224121	3.5667	0.013319934	4.9	0.167806687	10.333	0.942967047	12.4	0.974665441
								3.5667	0.961353096	3.5667	0.586088856	3.5667	0.356435644	3.5667	0.013862261	4.9333	0.083160862	10.4	0.948156902	12.467	0.655258409
								3.6	0.93956927	3.6	0.446693278	3.6	0.245632956	3.6	0.010866652	4.9333	0.118002904	10.4	0.951319958	12.467	0.831076386
								3.6	0.909310762	3.6	0.50630462	3.6	0.369165488	3.6	0.013862261	4.9333	0.170491594	10.4	0.93650468	12.467	0.95750332
								3.6	0.971052711	3.6	0.611609389	3.6	0.35848515	3.6	0.016779657	4.9667	0.08658312	10.467	0.945869706	12.533	0.689145774
								3.6333	0.93956927	3.6333	0.510511205	3.6333	0.262627253	3.6333	0.009268615	4.9667	0.132118084	10.467	0.966662393	12.533	0.863502308
								3.6333	0.926134273	3.6333	0.631240568	3.6333	0.377652051	3.6333	0.017048988	4.9667	0.183916129	10.467	0.997888068	12.533	0.951782613
								3.6333	0.941953866	3.6333	0.504413336	3.6333	0.37874618	3.6333	0.018509518	5	0.096849893	10.533	0.966454466	12.6	0.686065105
								3.6667	0.959498554	3.6667	0.531544132	3.6667	0.275699789	3.6667	0.012464689	5	0.126472012	10.533	0.973495248	12.6	0.873230085
								3.6667	0.921327555	3.6667	0.499915669	3.6667	0.382798386	3.6667	0.020235715	5	0.194655757	10.533	0.975278882	12.6	0.983246501
								3.6667	0.964384226	3.6667	0.658724219	3.6667	0.407355021	3.6667	0.021969241	5.0333	0.107116666	10.6	0.968741661	12.667	0.695307113
								3.7	0.961427194	3.7	0.528178864	3.7	0.301844862	3.7	0.0172588	5.0333	0.146233263	10.6	0.962407603	12.667	0.889443046
								3.7	0.959180455	3.7	0.499166058	3.7	0.411598303	3.7	0.018642352	5.0333	0.216135012	10.6	0.940812925	12.667	0.974665441
								3.7	0.972265163	3.7	0.697986577	3.7	0.39900721	3.7	0.023699103	5.0667	0.096849893	10.667	0.957972545	12.733	0.7168718
								3.7333	0.957569913	3.7333	0.54079862	3.7333	0.312302891	3.7333	0.0172588	5.0667	0.160348443	10.667	1.003049594	12.733	0.915383784
								3.7333	0.938151066	3.7333	0.517906336	3.7333	0.441301273	3.7333	0.020235715	5.0667	0.216135012	10.667	0.955891781	12.733	0.988967208
								3.7333	0.964990452	3.7333	0.683263193	3.7333	0.426021916	3.7333	0.032348411	5.1	0.11738344	10.733	0.960190074	12.8	0.723033139
								3.7667	0.953069752	3.7667	0.497666835	3.7667	0.335833456	3.7667	0.015660763	5.1	0.171640587	10.733	1.000762399	12.8	0.9088986
								3.7667	0.954974577	3.7667	0.561831547	3.7667	0.465346535	3.7667	0.028202532	5.1	0.237614268	10.733	0.977433004	12.8	1.011850036
								3.7667	0.968021582	3.7667	0.70485749	3.7667	0.454387357	3.7667	0.030618549	5.1333	0.124227955	10.8	0.971277719	12.867	0.732275148
								3.8	0.972356156	3.8	0.484923446	3.8	0.346291485	3.8	0.018856837	5.1333	0.180109695	10.8	1.009911181	12.867	0.895928231
								3.8	0.962565548	3.8	0.592960279	3.8	0.465346535	3.8	0.028202532	5.1333	0.237614268	10.8	0.99251186	12.867	0.986106855
								3.8	0.954974577	3.8	0.701912813	3.8	0.448984416	3.8	0.035808134	5.1667	0.127650213	10.867	1.000762399	12.933	0.760001174
								3.8333	0.974284796	3.8333	0.570244718	3.8333	0.34106247	3.8333	0.02205291	5.1667	0.177286659	10.867	1.004540655	12.933	0.886200454
								3.8333	0.951970379	3.8333	0.716636197	3.8333	0.465346535	3.8333	0.029795895	5.1667	0.267148245	10.867	0.990357738	12.933	0.983246501
								3.8333	0.978327423	3.8333	0.568879894	3.8333	0.458439563	3.8333	0.035808134	5.2	0.137916986	10.933	1.000762399	13	0.747678495
								3.8667	0.990999679	3.8667	0.575292621	3.8667	0.388123601	3.8667	0.025248984	5.2	0.194224875	10.933	0.989017951	13	0.9088986
								3.8667	0.959781294	3.8667	0.743138289	3.8667	0.504950495	3.8667	0.031389259	5.2	0.28057278	10.933	0.990357738	13	0.986106855
								3.8667	0.995301749	3.8667	0.572627949	3.8667	0.494909416	3.8667	0.040997718	5.2333	0.148183759	11	0.989326421	13.067	0.766162513
								3.9	0.961427194	3.9	0.531399337	3.9	0.389430854	3.9	0.026847021	5.2333	0.222455235	11	1.006758184	13.067	0.925111561
								3.9	0.963386332	3.9	0.608103987	3.9	0.531824611	3.9	0.040949439	5.2333	0.285942594	11	0.981741249	13.067	0.991827562
								3.9	0.977114971	3.9	0.769640381	3.9	0.512468975	3.9	0.04272758	5.2667	0.151606017	11.067	0.993900812	13.133	0.78464653
								3.9333	0.979427837	3.9333	0.600532133	3.9333	0.392045362	3.9333	0.028445058	5.2667	0.208340055	11.067	0.997888068	13.133	0.905656007
								3.9333	0.956176256	3.9333	0.746082966	3.9333	0.564356436	3.9333	0.039356076	5.2667	0.310106757	11.067	0.981741249	13.133	1.017570743
								3.9333	0.979539875	3.9333	0.574876783	3.9333	0.542185152	3.9333	0.053106749	5.3	0.158450532	11.133	0.991613616	13.2	0.769243182
								3.9667	0.974927676	3.9667	0.602214767	3.9667	0.411654166	3.9667	0.034837206	5.3	0.222455235	11.133	0.99123548	13.2	0.934839337
								3.9667	0.954974577	3.9667	0.765714145	3.9667	0.498961622	3.9667	0.042542802	5.3	0.291312408	11.133	1.003282472	13.2	1.000408622
								3.9667	0.996514201	3.9667	0.604861228	3.9667	0.575671853	3.9667	0.053106749	5.3333	0.165295048	11.2	1.000762399	13.267	0.806211217
								4	0.984570878	4	0.645121938	4	0.41296142	4	0.034837206	5.3333	0.233747379	11.2	0.99345301	13.267	0.925111561
								4	0.947764501	4	0.609358895	4	0.569199858	4	0.050509619	5.3333	0.291312408	11.2	1.009744839	13.267	1.051894984
								4	1.003182686	4	0.797124032	4	0.618104668	4	0.061756057	5.3667	0.192673109	11.267	1.007623985	13.333	0.796969208
								4.0333	0.978784957	4.0333	0.613151889	4.0333	0.420804941	4.0333	0.041229354	5.3667	0.25350863	11.267	1.0156283	13.333	0.928354153
								4.0333	0.974802286	4.0333	0.806939622	4.0333	0.61669024	4.0333	0.050509619	5.3667	0.30742185	11.267	1.011898961	13.333	1.000408622
								4.0333	0.98923949	4.0333	0.694814565	4.0333	0.590811623	4.0333	0.072135226	5.4	0.196095367	11.333	0.989326421	13.4	0.827775903
								4.0667	1.007714561	4.0667	0.640915353	4.0667	0.457408043	4.0667	0.042827391	5.4	0.250685594	11.333	1.022280887	13.4	0.938081929
								4.0667	0.971197248	4.0667	0.810865858	4.0667	0.594863829	4.0667	0.056883073	5.4	0.342325641	11.333	1.007590717	13.4	1.006129329
								4.0667	1.00257646	4.0667	0.765278012	4.0667	0.654879774	4.0667	0.07732481	5.4333	0.199517625	11.4	0.968741661	13.467	0.824695234
								4.1	0.989713918	4.1	0.640074036	4.1	0.46002255	4.1	0.050817576	5.4333	0.264800774	11.4	0.994665983	13.467	0.954294891
								4.1	0.991024957	4.1	0.840312627	4.1	0.5975653	4.1	0.063256526	5.4333	0.339640734	11.4	1.03780359	13.467	1.037593217
								4.1	1.003182686	4.1	0.805757014	4.1	0.660537482	4.1	0.084244256	5.4667	0.209784398	11.467	1.000762399	13.533	0.84934059
								4.1333	0.993571199	4.1333	0.638391402	4.1333	0.452179028	4.1333	0.055611687	5.4667	0.26762381	11.467	1.020063358	13.533	0.967265259
								4.1333	0.992876845	4.1333	0.848165098	4.1333	0.551640299	4.1333	0.068036617	5.4667	0.371859618	11.467	1.014053084	13.533	1.011850036
								4.1333	0.98621824	4.1333	0.814002736	4.1333	0.680339463	4.1333	0.089433841	5.5	0.213206655	11.533	1.000762399	13.6	0.861663268
								4.1667	0.994214079	4.1667	0.679615939	4.1667	0.482245862	4.1667	0.057209724	5.5	0.28173899	11.533	0.983895371	13.6	0.957537483
								4.1667	0.980209843	4.1667	0.836386391	4.1667	0.561095446	4.1667	0.07441007	5.5	0.379914339	11.533	1.057761352	13.6	1.034732863
								4.1667	1.006213816	4.1667	0.821498847	4.1667	0.690240453	4.1667	0.101542872	5.5333	0.226895686	11.6	0.996188007	13.667	0.84934059
								4.2	1.003857281	4.2	0.82755236	4.2	0.541072275	4.2	0.065199909	5.5333	0.304323278	11.6	1.024498416	13.667	0.960780075
								4.2	1.003788912	4.2	0.760382379	4.2	0.578655005	4.2	0.080783524	5.5333	0.420187943	11.6	1.031286062	13.667	1.017570743
								4.2	1.001840072	4.2	0.837240681	4.2	0.717114569	4.2	0.113651902	5.5667	0.223473429	11.667	0.987039225	13.733	0.867824607
								4.2333	1.019929283	4.2333	0.838349509	4.2333	0.513619949	4.2333	0.071592057	5.5667	0.332553638	11.667	1.031151003	13.733	0.980235628
								4.2333	0.991024957	4.2333	0.753651842	4.2333	0.673206477	4.2333	0.085563614	5.5667	0.385284153	11.667	1.026977818	13.733	1.006129329
								4.2333	1.005001364	4.2333	0.846985626	4.2333	0.735502122	4.2333	0.117111625	5.6	0.237162459	11.733	1.019059963	13.8	0.883227955
								4.2667	0.993571199	4.2667	0.85601757	4.2667	0.504469173	4.2667	0.073190094	5.6	0.326907566	11.733	1.033440185	13.8	0.934839337
								4.2667	0.998835873	4.2667	0.772160818	4.2667	0.635385888	4.2667	0.096717157	5.6	0.430927571	11.8	0.991613616	13.867	0.873985946
								4.2667	1.008032494	4.2667	0.851483293	4.2667	0.745403112	4.2667	0.12230121	5.6333	0.261118263	11.8	1.009744839	13.867	0.951052298
								4.3	0.991642559	4.3	0.860925365	4.3	0.514927202	4.3	0.077984205	5.6333	0.329730602	11.867	1.00533679	13.933	0.883227955
								4.3	0.971197248	4.3	0.767954232	4.3	0.652945447	4.3	0.101497248	5.6333	0.47657099	11.867	1.026977818	13.933	0.980235628
								4.3	0.994695523	4.3	0.861977849	4.3	0.746817539	4.3	0.139599825	5.6667	0.254273748	11.933	1.012198376	14	0.892469963
								4.3333	1.009643202	4.3333	0.880556544	4.3333	0.569831855	4.3333	0.084376353	5.6667	0.363607033	12	0.998475203	14	0.996448589
								4.3333	0.9856174	4.3333	0.802448233	4.3333	0.73263883	4.3333	0.106277338	5.6667	0.438982292	12.067	0.996188007	14.067	0.889389294
								4.3333	1.011669849	4.3333	0.877719683	4.3333	0.769448373	4.3333	0.137869964	5.7	0.261118263	12.133	1.016772767	14.067	0.999691182
								4.3667	0.988428158	4.3667	0.871722513	4.3667	0.548915797	4.3667	0.093964575	5.7	0.360783997	12.2	1.007623985	14.133	0.907873311
								4.3667	0.983214042	4.3667	0.785621891	4.3667	0.769448373	4.3667	0.120617608	5.7	0.44972192	12.267	1.000762399	14.133	0.983478221
								4.3667	1.023188142	4.3667	0.880718127	4.3667	0.769108684	4.3667	0.149978995	5.7333	0.302185356	12.333	1.00533679	14.2	0.91403465
								4.4	1.007714561	4.4	0.840312627	4.4	0.568524601	4.4	0.095562612	5.7333	0.372076141	12.4	1.003049594	14.2	0.993205997
								4.4	0.971798088	4.4	0.858816477	4.4	0.796322489	4.4	0.122210972	5.7333	0.436297385			14.267	0.898631303
								4.4333	1.00192864	4.4	0.870223572	4.4	0.785317507	4.4	0.165547748	5.7667	0.285074067			14.267	0.989963405
								4.4333	1.011453506	4.4333	0.916874225	4.4333	0.620814746	4.4333	0.103552797	5.7667	0.372076141			14.333	0.920195989
								4.4667	1.023786564	4.4333	0.884897307	4.4333	0.813295615	4.4333	0.131771152	5.7667	0.463146455			14.333	0.996448589
								4.4667	0.991625797	4.4333	0.884466183	4.4333	0.794772654	4.4333	0.177656779	5.8	0.329563418			14.4	0.895550633
								4.5	0.993428316	4.4667	0.9031324	4.4667	0.615585731	4.4667	0.121131204	5.8	0.400306501			14.4	0.989963405
								4.5333	0.989222438	4.4667	0.894993112	4.4667	0.823196605	4.4667	0.133364515	5.8	0.47657099			14.467	0.920195989
								4.5667	0.988621599	4.4667	0.894960739	4.4667	0.805578537	4.4667	0.186306087	5.8667	0.322718902			14.467	1.009418958
								4.6	0.992226637	4.5	0.888409016	4.5	0.620814746	4.5	0.125925315	5.8667	0.431359897			14.533	0.960780075
								4.6333	1.014457705	4.5	0.905088917	4.5	0.820367751	4.5	0.149298149	5.8667	0.492680432			14.533	0.926357328
								4.6667	1.003041751	4.5	0.890463072	4.5	0.810981478	4.5	0.186306087	5.9333	0.374052768			14.6	0.932518667
								4.7	1.015659384	4.5333	0.904113959	4.5333	0.618200239	4.5333	0.132317463	5.9333	0.411598645			14.6	0.993205997
								4.7333	1.001239232	4.5333	0.907612868	4.5333	0.841584158	4.5333	0.166825146	5.9333	0.519529502			14.667	0.935599337
								4.7667	0.998235033	4.5333	0.897959184	4.5333	0.825839566	4.5333	0.220903317	6	0.391164057			14.667	1.002933774
								4.8	0.991024957	4.5667	0.924726697	4.5667	0.645652565	4.5667	0.137111574	6	0.493466688			14.733	0.932518667
								4.8333	1.006045949	4.5667	0.893310478	4.5667	0.841584158	4.5667	0.174791963	6	0.519529502			14.733	0.993205997
								4.8667	0.998835873	4.5667	0.91520024	4.5667	0.836645449	4.5667	0.226092902	6.0667	0.380897283			14.8	0.932518667
								4.9	1.002440911	4.6	0.92178202	4.6	0.686177427	4.6	0.146699796	6.0667	0.535812228			14.8	1.019146735
										4.6	0.921915258	4.6	0.879773692	4.6	0.18753887	6.0667	0.535638944			14.867	0.951002685
										4.6	0.89571035	4.6	0.859607949	4.6	0.248581102	6.1333	0.398008572			14.867	1.012661551
										4.6333	0.933560728	4.6333	0.679641159	4.6333	0.153091944	6.1333	0.530166156			14.933	0.960244693
										4.6333	0.925280527	4.6333	0.8854314	4.6333	0.200285777	6.1333	0.551748386			14.933	1.019146735
										4.6333	0.91520024	4.6333	0.86230942	4.6333	0.250310963	6.2	0.398008572			15	0.944841346
										4.6667	0.933560728	4.6667	0.674412144	4.6667	0.167474277	6.2	0.530166156			15	1.012661551
										4.6667	0.939582917	4.6667	0.86562942	4.6667	0.205065868	6.2	0.567857828			15.067	1.002933774
										4.6667	0.929442852	4.6667	0.854205008	4.6667	0.264149855	6.2667	0.449342438			15.067	0.957164024
										4.7	0.934542287	4.7	0.658725101	4.7	0.172268388	6.2667	0.547104372			15.133	0.954083354
										4.7	0.926963161	4.7	0.874115983	4.7	0.208252594	6.2667	0.589337084			15.133	1.019146735
										4.7	0.924195574	4.7	0.878518243	4.7	0.271069302	6.3333	0.459609211			15.2	0.999691182
										4.7333	0.953191907	4.7333	0.795986731	4.7333	0.191444832	6.3333	0.552750444			15.2	0.969486702
										4.7333	0.954726625	4.7333	0.861386139	4.7333	0.220999501	6.3333	0.573227642			15.267	0.999691182
										4.7333	0.918198684	4.7333	0.871764567	4.7333	0.29182764	6.4	0.463031468			15.267	0.97872871
										4.7667	0.944357876	4.7667	0.871287129	4.7667	0.189846795	6.4	0.572511695			15.333	1.009418958
										4.7667	0.939582917	4.7667	0.812981028	4.7667	0.232153045	6.4	0.592021991			15.333	0.975648041
										4.7667	0.938438185	4.7667	0.881219714	4.7667	0.29182764	6.4667	0.432231149			15.4	0.97872871
										4.8	0.936505405	4.8	0.827360818	4.8	0.201033054	6.4667	0.592272947			15.467	0.984890049
										4.8	0.949678722	4.8	0.900990099	4.8	0.243306589	6.4667	0.61081634			15.533	0.97872871
										4.8	0.945184685	4.8	0.881219714	4.8	0.317775563	6.5333	0.463031468			15.6	0.969486702
										4.8333	0.920800461	4.8333	0.824746311	4.8333	0.207425202	6.5333	0.609211163			15.667	0.98180938
										4.8333	0.934535015	4.8333	0.89533239	4.8333	0.260833586	6.5333	0.634980502			15.733	0.975648041
										4.8333	0.938438185	4.8333	0.887973391	4.8333	0.324695009	6.6	0.466453726			15.8	0.991051389
										4.8667	0.961044379	4.8667	0.891089109	4.8667	0.204229128	6.6	0.637441523			15.867	0.991051389
										4.8667	0.960615844	4.8667	0.886622655	4.8667	0.268800403	6.6	0.629610688			15.933	0.991051389
										4.8667	0.946683908	4.8667	0.865271173	4.8667	0.328154732	6.6667	0.500676303			16	0.98180938
										4.9	0.944357876	4.9	0.909476662	4.9	0.225003608	6.6667	0.660025811			16.067	0.997212728
										4.9	0.952202673	4.9	0.848276876	4.9	0.287920764	6.6667	0.664514479			16.133	1.006454736
										4.9	0.950431963	4.9	0.894727067	4.9	0.352372793	6.7333	0.497254046			16.2	1.009535406
										4.9333	0.952210348	4.9333	0.827360818	4.9333	0.240983978	6.7333	0.651556703			16.267	1.018777414
										4.9333	0.947996088	4.9333	0.912305516	4.9333	0.294294217	6.7333	0.694048456			16.333	1.000293397
										4.9333	0.953430408	4.9333	0.913637361	4.9333	0.357562378	6.8	0.510943076			16.4	0.997212728
										4.9667	0.957118143	4.9667	0.902404526	4.9667	0.244180052	6.8	0.660025811			16.467	1.021858084
										4.9667	0.978283503	4.9667	0.857427652	4.9667	0.310227851	6.8	0.677939014			16.533	1.003374067
										4.9667	0.96767302	4.9667	0.914988097	4.9667	0.364481824	6.8667	0.524632107			16.6	1.012616075
										5	0.942394758	5	0.896746818	5	0.258562385	6.8667	0.71648653			16.667	1.028019423
										5	0.948837405	5	0.839126101	5	0.313414578	6.8667	0.710157898			16.733	1.006454736
										5	0.948932741	5	0.902831479	5	0.390429747	6.9333	0.538321138			16.8	1.015696745
										5.0333	0.962025938	5.0333	0.908062235	5.0333	0.255366311	6.9333	0.739070818				
										5.0333	0.963139795	5.0333	0.856120398	5.0333	0.334128302	6.9333	0.72626734				
										5.0333	0.946683908	5.0333	0.900130008	5.0333	0.423297116	7	0.545165654				
										5.0667	0.92178202	5.0667	0.840433355	5.0667	0.272944718	7	0.747539926				
										5.0667	0.949678722	5.0667	0.920792079	5.0667	0.350061936	7	0.728952247				
										5.0667	0.954180019	5.0667	0.898779273	5.0667	0.400808916	7.0667	0.582810488				
										5.1	0.963989056	5.1	0.920792079	5.1	0.301709384	7.0667	0.753185998				
										5.1	0.982490088	5.1	0.862656666	5.1	0.38511593	7.0667	0.742376782				
										5.1	0.944435074	5.1	0.909585155	5.1	0.456164485	7.1333	0.541743396				
										5.1333	0.977730881	5.1333	0.836511594	5.1333	0.276140792	7.1333	0.739691875				
										5.1333	0.980807454	5.1333	0.906647808	5.1333	0.372369023	7.1333	0.778593322				
										5.1333	0.957928075	5.1333	0.942002803	5.1333	0.468273516	7.2	0.617033066				
										5.1667	0.966933733	5.1667	0.917963225	5.1667	0.308101532	7.2	0.767301178				
										5.1667	0.95893321	5.1667	0.867885681	5.1667	0.393082747	7.2	0.782650387				
										5.1667	0.963924964	5.1667	0.959562362	5.1667	0.46135407	7.2667	0.589655004				
										5.2	0.970859968	5.2	0.930693069	5.2	0.304905458	7.2667	0.787062429				
										5.2	0.946313454	5.2	0.862656666	5.2	0.383522567	7.2667	0.796074922				
										5.2	0.97441952	5.2	0.936599862	5.2	0.492491577	7.3333	0.644411127				
										5.2333	0.991472707	5.2333	0.86396392	5.2333	0.325679939	7.3333	0.806823681				
										5.2333	0.963981112	5.2333	0.943422914	5.2333	0.402642927	7.3333	0.782650387				
										5.2333	0.986413298	5.2333	0.95145795	5.2333	0.475192962	7.4	0.593077262				
										5.2667	0.972823086	5.2667	0.942008487	5.2667	0.341660309	7.4	0.815292789				
										5.2667	0.963981112	5.2667	0.884879978	5.2667	0.413796471	7.4	0.796074922				
										5.2667	0.959427297	5.2667	0.93119692	5.2667	0.506330469	7.4667	0.623877581				
										5.3	0.989509589	5.3	0.936350778	5.3	0.352846568	7.4667	0.835054041				
										5.3	0.95304399	5.3	0.890108992	5.3	0.415389834	7.4667	0.820239085				
										5.3	0.969172242	5.3	0.956860891	5.3	0.546117285	7.5333	0.617033066				
										5.3333	1.00717765	5.3333	0.934936351	5.3333	0.359238716	7.5333	0.823761897				
										5.3333	0.977442186	5.3333	0.871807442	5.3333	0.432916832	7.5333	0.839033433				
										5.3333	0.963924964	5.3333	0.958211626	5.3333	0.553036731	7.6	0.64098887				
										5.3667	1.002269855	5.3667	0.853505891	5.3667	0.376817123	7.6	0.837877077				
										5.3667	0.990903259	5.3667	0.930693069	5.3667	0.442477012	7.6	0.849773061				
										5.3667	0.977417964	5.3667	0.962263832	5.3667	0.542657562	7.6667	0.644411127				
										5.4	1.006196091	5.4	0.940594059	5.4	0.384807308	7.6667	0.849169221				
										5.4	0.974918234	5.4	0.874421949	5.4	0.458410646	7.6667	0.865882503				
										5.4	0.960176908	5.4	0.959562362	5.4	0.570335346	7.7333	0.651255643				
										5.4333	0.983620235	5.4333	0.946251768	5.4333	0.384807308	7.7333	0.846346185				
										5.4333	1.010253552	5.4333	0.875729202	5.4333	0.458410646	7.7333	0.865882503				
										5.4333	0.982665242	5.4333	0.955510156	5.4333	0.592823546	7.8	0.658100158				
										5.4667	0.98852803	5.4667	0.86396392	5.4667	0.383209271	7.8	0.863284401				
										5.4667	0.986696674	5.4667	0.949080622	5.4667	0.509398274	7.8	0.855142875				
										5.4667	1.003654354	5.4667	0.977121921	5.4667	0.5859041	7.8667	0.6546779				
										5.5	0.987546471	5.5	0.850891384	5.5	0.397591604	7.8667	0.883045653				
										5.5	1.001840381	5.5	0.98019802	5.5	0.504618184	7.8667	0.84171834				
										5.5	0.995408632	5.5	0.981174127	5.5	0.644719392	7.9333	0.692322735				
										5.5333	0.99736206	5.5333	0.871807442	5.5333	0.407179826	7.9333	0.871753509				
										5.5333	0.997633796	5.5333	0.974540311	5.5333	0.507804911	7.9333	0.860512689				
										5.5333	0.986413298	5.5333	0.986577068	5.5333	0.623961053	8	0.723123055				
										5.5667	1.024845711	5.5667	0.975954738	5.5667	0.413571974	8	0.866107437				
										5.5667	0.991744576	5.5667	0.918868572	5.5667	0.522145181	8	0.887361759				
										5.5667	0.970671464	5.5667	0.978472656	5.5667	0.658558284	8.0667	0.706011766				
										5.6	0.994417383	5.6	0.899259768	5.6	0.426356269	8.0667	0.880222617				
										5.6	0.985855357	5.6	0.984441301	5.6	0.549232359	8.0667	0.86856741				
										5.6	0.986413298	5.6	0.981174127	5.6	0.682776345	8.1333	0.702589508				
										5.6333	1.017974798	5.6333	0.978783593	5.6333	0.423160195	8.1333	0.897160832				
										5.6333	1.002681698	5.6333	0.92540484	5.6333	0.552419085	8.1333	0.89541648				
										5.6333	1.009651243	5.6333	0.993330744	5.6333	0.677586761	8.2	0.818946271				
										5.6667	1.022882593	5.6667	0.99009901	5.6667	0.43115038	8.2	0.925391192				
										5.6667	1.004364332	5.6667	0.937170123	5.6667	0.544452268	8.2	0.914210829				
										5.6667	1.004403965	5.6667	0.983875597	5.6667	0.675856899	8.2667	0.771034663				
										5.7	1.014048563	5.7	0.988684583	5.7	0.43115038	8.2667	0.931037264				
										5.7	1.016142772	5.7	0.985226333	5.7	0.579506263	8.2667	0.903471201				
										5.7	0.995408632	5.7	0.958086181	5.7	0.66547773	8.3333	0.791568209				
										5.7333	1.003251414	5.7333	0.99009901	5.7333	0.448728787	8.3333	0.928214228				
										5.7333	1.004364332	5.7333	0.998733686	5.7333	0.59703326	8.3333	0.903471201				
										5.7333	0.999156687	5.7333	0.977694985	5.7333	0.748511083	8.4	0.801834982				
										5.7667	0.976749322	5.7667	0.98019802	5.7667	0.450326824	8.4	0.911276012				
										5.7667	0.996792479	5.7667	0.982524862	5.7667	0.622527074	8.4	0.900786294				
										5.7667	0.998407076	5.7667	1.00122555	5.7667	0.734672191	8.4667	0.822368528				
										5.8	0.993435824	5.8	1.002828854	5.8	0.459915046	8.4667	0.939506372				
										5.8	1.007729601	5.8	0.970368244	5.8	0.630493891	8.4667	0.906156108				
										5.8	1.01414891	5.8	0.972465971	5.8	0.738131914	8.5333	0.829213044				
										5.8667	0.994268527	5.8667	1.004243281	5.8667	0.47909149	8.5333	0.928214228				
										5.8667	1.002155132	5.8667	0.989278539	5.8667	0.660767796	8.5333	0.927635364				
										5.9333	1.010253552	5.8667	0.979002239	5.8667	0.821165268	8.6	0.808679497				
										5.9333	0.995408632	5.9333	1.01980198	5.9333	0.493473823	8.6	0.914099048				
										6	1.009412235	5.9333	0.989278539	5.9333	0.689448336	8.6	0.916895736				
										6	1.025393077	5.9333	0.96854421	5.9333	0.809056237	8.6667	0.839479817				
										6.0667	0.981648771	6	1.004243281	6	0.491875786	8.6667	0.96209066				
										6.0667	1.005153577	6	1.012241039	6	0.730875784	8.6667	0.930320271				
										6.1333	0.995109844	6	0.997303789	6	0.843653468	8.7333	0.866857879				
												6.0667	1.018387553	6.0667	0.506258119	8.7333	0.939506372				
												6.0667	0.981616746	6.0667	0.742029328	8.7333	0.924950457				
												6.0667	1.014942509	6.0667	0.843653468	8.8	0.866857879				
												6.1333	1.007072136	6.1333	0.523836526	8.8	0.939506372				
												6.1333	0.982524862	6.1333	0.765929779	8.8	0.943744806				
												6.1333	0.985538507	6.1333	0.85749236	8.8667	0.846324332				
												6.2	0.997171146	6.2	0.523836526	8.8667	0.945152444				
												6.2	1.006838097	6.2	0.761149689	8.8667	0.930320271				
												6.2	0.999918297	6.2	0.881710421	8.9333	0.887391425				
												6.2667	1.004243281	6.2667	0.632503041	8.9333	0.942329408				
												6.2667	0.973069715	6.2667	0.770709869	8.9333	0.941059899				
												6.2667	1.01560534	6.2667	0.873061114	9	0.877124652				
												6.3333	1.007072136	6.3333	0.65966967	9	0.950798516				
												6.3333	1.010890303	6.3333	0.900738898	9	0.943744806				
												6.3333	1.028677876	6.3333	0.832851041	9.0667	0.863435621				
												6.4	1.032502068	6.4	0.688434336	9.0667	0.970559768				
												6.4	1.014298087	6.4	0.816917407	9.0667	0.981333504				
												6.4667	1.025748392	6.4	0.900738898	9.1333	0.866857879				
												6.4667	1.014298087	6.4667	0.688434336	9.1333	0.97620584				
												6.5333	1.012990833	6.4667	0.883440283	9.1333	0.984018411				
												6.6	1.031292384	6.4667	0.829664314	9.2	0.870280136				
														6.5333	0.698022558	9.2	0.99032102				
														6.5333	0.851971402	9.2	0.957169341				
														6.5333	0.93706599	9.2667	0.897658198				
														6.6	0.712404891	9.2667	0.973382804				
														6.6	0.923227098	9.2667	0.957169341				
														6.6	0.871091762	9.3333	0.904502713				
														6.6667	0.709208817	9.3333	0.995967091				
														6.6667	0.842411221	9.3333	0.997442946				
														6.6667	0.940525713	9.4	0.911347229				
														6.7333	0.720395076	9.4	0.954484434				
														6.7333	0.940525713	9.4	1.007259235				
														6.7333	0.872685126	9.4667	0.92503626				
														6.8	0.741169557	9.4667	0.987497984				
														6.8	0.921497236	9.4667	0.97596369				
														6.8	0.869498399	9.5333	0.931880775				
														6.8667	0.741169557	9.5333	1.012905307				
														6.8667	0.882245306	9.5333	1.016237295				
														6.8667	0.969933359	9.6	0.931880775				
														6.9333	0.750757779	9.6	0.995967091				
														6.9333	0.90295903	9.6	0.989388225				
														6.9333	0.978582667	9.6667	0.942147548				
														7	0.766738149	9.6667	0.97620584				
														7	0.945715298	9.6667	0.986703318				
														7	0.896585576	9.7333	0.93872529				
														7.0667	0.768336186	9.7333	1.007259235				
														7.0667	0.973393082	9.7333	1.008182574				
														7.0667	0.90295903	9.8	0.959258837				
														7.1333	0.765140112	9.8	0.993144055				
														7.1333	0.964743775	9.8	0.970593876				
														7.1333	0.90295903	9.8667	0.935303033				
														7.2	0.784316556	9.8667	1.007259235				
														7.2	0.909332484	9.8667	0.981333504				
														7.2	1.001070867	9.9333	0.962681094				
														7.2667	0.797100852	9.9333	1.010082271				
														7.2667	0.999341005	9.9333	1.024292016				
														7.2667	0.931639571	10	0.952414321				
														7.3333	0.782718519	10	0.99032102				
														7.3333	0.961913475	10	1.008182574				
														7.3333	1.042587543	10.067	0.952414321				
														7.4	0.774728334	10.067	1.015728343				
														7.4	0.930046208	10.067	1.013552388				
														7.4	1.028748651	10.133	0.93872529				
														7.4667	0.817875332	10.133	0.995967091				
														7.4667	1.013179897	10.133	0.992073132				
														7.4667	0.941199751	10.2	0.959258837				
														7.5333	0.806689074	10.2	1.024197451				
														7.5333	0.91251921	10.2	0.989388225				
														7.5333	1.042587543	10.267	0.955836579				
														7.6	0.825865517	10.267	1.032666559				
														7.6	0.934826298	10.267	1.000127853				
														7.6	1.028748651	10.333	0.972947868				
														7.6667	0.843443924	10.333	1.015728343				
														7.6667	1.042587543	10.333	1.026976923				
														7.6667	0.969880292	10.4	0.966103352				
														7.7333	0.817875332	10.4	1.010867481				
														7.7333	1.033938236	10.467	0.96952561				
														7.7333	0.968286929	10.467	1.048456178				
														7.8	0.848238035	10.533	0.996903672				
														7.8	1.042587543	10.533	1.010867481				
														7.8	0.966693565	10.6	0.990059156				
														7.8667	0.896179145	10.6	0.992073132				
														7.8667	0.953946658	10.667	1.003748187				
														7.8667	1.035668097	10.667	0.992073132				
														7.9333	0.886590923	10.733	0.959258837				
														7.9333	1.01663962	10.8	0.976370125				
														7.9333	0.99218738	10.867	0.986636898				
														8	0.889786997	10.933	1.020859476				
														8	0.977847109	11	0.996903672				
														8.0667	0.924943811	11.067	0.990059156				
														8.0667	0.984220563	11.133	1.007170445				
														8.1333	0.931335959	11.2	1.017437218				
														8.1333	1.00652765	11.267	0.993481414				
														8.2	0.940924181	11.333	0.993481414				
														8.2	0.990594016	11.4	1.007170445				
														8.2667	0.940924181	11.467	1.000325929				
														8.2667	0.993780743	11.533	1.007170445				
														8.3333	0.947316329	11.6	1.01401496				
														8.3333	1.00652765	11.667	0.979792383				
														8.4	0.948914366	11.733	1.000325929				
														8.4	0.989000653	11.8	1.01401496				
														8.4667	0.955306514	11.867	1.037970764				
														8.4667	1.003340923						
														8.5333	0.964894736						
														8.5333	1.01130774						
														8.6	0.950512403						
														8.6	1.008121013						
														8.6667	0.955306514						
														8.6667	1.017681194						
														8.7333	0.982473143						
														8.7333	1.01608783						
														8.8	0.966492773						
														8.8	0.99218738						
														8.8667	0.987267254						
														8.8667	1.008121013						
														8.9333	0.987267254						
														8.9333	1.00652765						
														9	0.974482958						
														9	0.989000653						
														9.0667	0.96809081						
														9.0667	1.000154196						
														9.1333	0.963296699						
														9.1333	0.99218738						
														9.2	0.985669217						
														9.2	1.004934287						
														9.2667	1.004845661						
														9.2667	1.00652765						
														9.3333	0.977847109						
														9.3333	0.988865291						
														9.4	1.00005155						
														9.4	1.01608783						
														9.4667	0.977679032						
														9.4667	1.012901104						
														9.5333	0.987267254						
														9.5333	1.014494467						
														9.6	0.985669217						
														9.6	1.025648011						
														9.6667	1.004845661						
														9.6667	1.00174756						
														9.7333	0.992061365						
														9.7333	1.009714377						
														9.8	1.003247624						
														9.8667	0.995257439						
														9.9333	0.987267254						
														10	0.993659402						
														10.067	1.003247624						
														10.133	1.00005155						
														10.2	1.008041735						
														10.267	1.012835846						
														10.333	1.017629956						
														10.4	1.011237809						
														10.467	1.022424067						
														10.533	1.027218178						
														10.6	1.028816215						
														10.667	1.00005155						
														10.733	1.028816215						
														10.8	1.014433883						
														10.867	0.998453513						
														10.933	1.006443698						
