5uM X	5uM Y	4uM X	4uM Y	3.5uM X	3.5uM Y	3uM X	3uM Y	2.5uM X	2.5uM Y	2uM X	2uM Y	1.75uM X	1.75uM Y	1.5uM X	1.5uM Y	1.35uM X	1.35uM Y	1.2uM X	1.2uM Y
0.0	-0.00337321103941	0.0	-0.00344261426831	0.0	-0.00419098289371	0.0	-0.00778185365026	0.0	-0.00621438678343	0.0	-0.00776592013628	0.0	-0.0144461541995	0.0	-0.0158288744247	0.0	-0.0224508517711	0.0	-0.0168870865236
0.0	-0.00518435161206	0.0	-0.00578395486819	0.0	-0.00437641757874	0.0	-0.00875596900814	0.0	-0.00650796046178	0.0	-0.00812416636353	0.0	-0.0177660938974	0.0	-0.0183603167064	0.0	-0.0338393521283	0.0	-0.0187463766059
0.0	-0.0059953926316	0.0	-0.00564383938124	0.0	-0.00483996507323	0.0	-0.00880625410197	0.0	-0.00703301943021	0.0	-0.00902136639409	0.0	-0.0183514215545	0.0	-0.019677188078	0.0	-0.0246782119448	0.0	-0.025509033367
0.0	-0.00693739823969	0.0	-0.00710217710339	0.0	-0.00571822821168	0.0	-0.0120549755841	0.0	-0.00861958566883	0.0	-0.0199722047879	0.0	-0.0182003549447	0.0	-0.0226015657863	0.0	-0.0278648003909	0.095278	-0.0010735509623
0.095278	0.00837261229849	0.095278	0.00799326848027	0.095278	0.00639336539808	0.095278	0.0125471366777	0.095278	0.00895948529097	0.095278	0.00923812375565	0.095278	0.000467838986832	0.095278	0.00315820814179	0.095278	-0.00364277815618	0.095278	-0.00129916677476
0.095278	0.0074306066904	0.095278	0.00653493075812	0.095278	0.00551510225963	0.095278	0.00929841519561	0.095278	0.00737291905235	0.095278	0.00834092372509	0.095278	0.000102156638708	0.095278	0.00257018238448	0.095278	-0.00765414379623	0.095278	-0.00551580369502
0.095278	0.00661956567086	0.095278	0.00667504624507	0.095278	0.00505155476514	0.095278	0.00924813010178	0.095278	0.00684786008392	0.095278	0.00798267749784	0.095278	-0.00419066214022	0.095278	0.00105953450164	0.095278	-0.00785199620898	0.19056	0.0120356944689
0.095278	0.00480842509821	0.095278	0.00433370564519	0.095278	0.00486612008011	0.095278	0.0082740147439	0.095278	0.00655428640557	0.095278	-0.00115058774738	0.095278	-0.00480656652828	0.095278	-0.000927948681604	0.095278	-0.00865323529916	0.19056	0.00370085046098
0.19056	0.0146519553847	0.19056	0.0145096099306	0.19056	0.0184501560134	0.19056	0.0213186143104	0.19056	0.0119991609417	0.19056	0.0189182754914	0.19056	0.0107379624834	0.19056	0.0108472995279	0.19056	0.0169478350354	0.19056	0.00294451625533
0.19056	0.0138721889335	0.19056	0.0114155939065	0.19056	0.0167226407045	0.19056	0.0184456387262	0.19056	0.0104512344871	0.19056	0.0125995769735	0.19056	0.00709271519648	0.19056	0.00420417333122	0.19056	0.0133563591289	0.28583	0.0112799107867
0.19056	0.0113112409243	0.19056	0.00986040599925	0.19056	0.0169951237027	0.19056	0.0160012958253	0.19056	0.00780151593159	0.19056	0.0108913060111	0.19056	0.00523056936592	0.19056	0.00328978999149	0.19056	0.00845680574497	0.28583	0.010578686567
0.19056	0.00925872325677	0.19056	0.00844181594354	0.19056	0.00635297542943	0.19056	0.0154454303647	0.19056	0.00750713667392	0.19056	0.00556038086337	0.19056	0.00484351099672	0.19056	0.00274154564635	0.19056	0.00730186067642	0.28583	0.00801087096487
0.28583	0.0266375743006	0.28583	0.0214045880138	0.28583	0.0211827326816	0.28583	0.0210743584674	0.28583	0.0227427547545	0.28583	0.0216448889883	0.28583	0.0108837446092	0.28583	0.00895705152135	0.28583	0.0161878941136	0.28583	-0.00069124713586
0.28583	0.0251010177168	0.28583	0.0207678206623	0.28583	0.0185388756783	0.28583	0.0203930922868	0.28583	0.0182001950108	0.28583	0.0213662724538	0.28583	0.0106230935702	0.28583	0.00782320880305	0.28583	0.009885605361	0.38111	0.0133251167896
0.28583	0.0240053094194	0.28583	0.017977688189	0.28583	0.0161975456547	0.28583	0.0182787690673	0.28583	0.0151691246019	0.28583	0.017695180591	0.28583	0.0072677600451	0.28583	0.00709423060941	0.28583	0.00830737257209	0.38111	0.0078872357017
0.28583	0.0230602932073	0.28583	0.0158808884263	0.28583	0.0156993136286	0.28583	0.0169865781751	0.28583	0.0113198759141	0.28583	0.00837062662945	0.28583	0.00532993899763	0.28583	0.00313238926093	0.28583	0.00842831405409	0.38111	0.0063086714178
0.38111	0.0540809340062	0.38111	0.0283036273226	0.38111	0.0319204585938	0.38111	0.0270787131011	0.38111	0.0241298089574	0.38111	0.0232270226861	0.38111	0.0103263031233	0.38111	0.0131201231021	0.38111	0.0227357553048	0.38111	0.00420759860043
0.38111	0.0513091895679	0.38111	0.0283354837181	0.38111	0.0271642135975	0.38111	0.0253685024724	0.38111	0.0202010465748	0.38111	0.0221923534739	0.38111	0.00965774046546	0.38111	0.0103830662684	0.38111	0.0141154219955	0.47639	0.0187181076309
0.38111	0.0494389187897	0.38111	0.0276222856573	0.38111	0.026185870828	0.38111	0.0228267872251	0.38111	0.0201551841414	0.38111	0.0213335066246	0.38111	0.00827693582329	0.38111	0.00875380327996	0.38111	0.0115000727291	0.47639	0.014591771009
0.38111	0.0447365560774	0.38111	0.0265453781412	0.38111	0.0220373413543	0.38111	0.0222083279735	0.38111	0.0147551779389	0.38111	0.0139430621253	0.38111	0.00728944926824	0.38111	0.00506073765885	0.38111	0.0113396647075	0.47639	0.0126585835027
0.47639	0.0978179884742	0.47639	0.0463977658266	0.47639	0.0427610347396	0.47639	0.0374085255038	0.47639	0.0246063284019	0.47639	0.0290579769572	0.47639	0.0137407223235	0.47639	0.0174131446493	0.47639	0.0200002025077	0.47639	-0.000921137862233
0.47639	0.0962876545403	0.47639	0.0450122537227	0.47639	0.0385604415067	0.47639	0.0311089122553	0.47639	0.0237741427169	0.47639	0.0238346312721	0.47639	0.0127623338967	0.47639	0.0178944152354	0.47639	0.0192011950793	0.57167	0.0255815364249
0.47639	0.0890424054121	0.47639	0.0436784616018	0.47639	0.0311939832686	0.47639	0.0292111661223	0.47639	0.0183990328921	0.47639	0.0196968180894	0.47639	0.012035671761	0.47639	0.0159374149423	0.47639	0.0208049764143	0.57167	0.0206826905012
0.47639	0.0808006216246	0.47639	0.0397906981985	0.47639	0.0308782117531	0.47639	0.0293554042997	0.47639	0.0183063718191	0.47639	0.0147856041009	0.47639	0.010142784654	0.47639	0.00588203788097	0.47639	0.01079330243	0.57167	0.0166911227902
0.57167	0.165841408796	0.57167	0.0674025660675	0.57167	0.0540340720974	0.57167	0.0406541966409	0.57167	0.0307372954508	0.57167	0.0300271175709	0.57167	0.0173428627397	0.57167	0.0233040515396	0.57167	0.0140981468935	0.57167	-0.00258055889873
0.57167	0.157565632066	0.57167	0.0609721298136	0.57167	0.0526182772603	0.57167	0.0398187149611	0.57167	0.0299106208508	0.57167	0.0284529264922	0.57167	0.0164333670884	0.57167	0.0188979918755	0.57167	0.0140974940602	0.66694	0.0221475043879
0.57167	0.147618765676	0.57167	0.0612454303147	0.57167	0.042756041326	0.57167	0.0394586309307	0.57167	0.0267948897965	0.57167	0.0278260213088	0.57167	0.0130275191098	0.57167	0.0147310267439	0.57167	0.0173170255895	0.66694	0.0178588693882
0.57167	0.128549210744	0.57167	0.052096815713	0.57167	0.0418345848751	0.57167	0.0382039135377	0.57167	0.0210295015863	0.57167	0.0170489494058	0.57167	0.0124466212912	0.57167	0.0146448651356	0.57167	0.0180179278526	0.66694	0.0181640032335
0.66694	0.238153842758	0.66694	0.0905245399167	0.66694	0.069551357502	0.66694	0.0519101943643	0.66694	0.0356419711028	0.66694	0.0293220725164	0.66694	0.0203497498481	0.66694	0.0211900422435	0.66694	0.030150201615	0.66694	0.0107041108165
0.66694	0.216078582657	0.66694	0.079384117957	0.66694	0.0694240401581	0.66694	0.0486863469555	0.66694	0.0339000319653	0.66694	0.0261461950459	0.66694	0.0205839079528	0.66694	0.0204957287078	0.66694	0.0267422719687	0.76222	0.0221920653287
0.66694	0.194554637101	0.66694	0.0678934534355	0.66694	0.0463649042554	0.66694	0.0481166084089	0.66694	0.0300556125031	0.66694	0.0244951274427	0.66694	0.0175471471385	0.66694	0.0195154550939	0.66694	0.016135567089	0.76222	0.0164441007665
0.66694	0.17837285028	0.66694	0.0541176971085	0.66694	0.0372818037984	0.66694	0.0473256273327	0.66694	0.0289200965649	0.66694	0.0244455632992	0.66694	0.0166079489982	0.66694	0.0173885229947	0.66694	0.0139053733767	0.76222	0.0170079362898
0.76222	0.262451259577	0.76222	0.120755604765	0.76222	0.0853386769101	0.76222	0.0530405618165	0.76222	0.0400097395462	0.76222	0.0337254612237	0.76222	0.0279196180954	0.76222	0.0223715825273	0.76222	0.0218826958762	0.76222	0.00851373034148
0.76222	0.240815003377	0.76222	0.107195774278	0.76222	0.0815577065101	0.76222	0.0534263369377	0.76222	0.0363706014413	0.76222	0.0306455018309	0.76222	0.0235514254026	0.76222	0.0169068135205	0.76222	0.0281842177397	0.8575	0.0196004241995
0.76222	0.189949152332	0.76222	0.0907113125304	0.76222	0.053076693391	0.76222	0.0531665616362	0.76222	0.0351292823091	0.76222	0.0265421564347	0.76222	0.0220208580556	0.76222	0.0166698372128	0.76222	0.0201615316858	0.8575	0.0169935195855
0.76222	0.175533335637	0.76222	0.0761490652384	0.76222	0.032349470097	0.76222	0.0508458753347	0.76222	0.030999023336	0.76222	0.0245693024428	0.76222	0.0165730469099	0.76222	0.0143957298247	0.76222	0.014046172305	0.8575	0.0149176191774
0.8575	0.237701766977	0.8575	0.148949552172	0.8575	0.104263010817	0.8575	0.0591539721431	0.8575	0.0432851691473	0.8575	0.0370376870987	0.8575	0.0291219060833	0.8575	0.0246601982843	0.8575	0.0318984279242	0.8575	0.0149905212287
0.8575	0.210187095928	0.8575	0.12610817348	0.8575	0.105311620342	0.8575	0.0597813776675	0.8575	0.0404108786465	0.8575	0.0355407433971	0.8575	0.0260622301946	0.8575	0.0239379958904	0.8575	0.026731309664	0.95278	0.0251704588769
0.8575	0.152758649667	0.8575	0.106893471718	0.8575	0.0557625230886	0.8575	0.0598991669746	0.8575	0.0364254763385	0.8575	0.0294480460194	0.8575	0.0191127963146	0.8575	0.0224738036325	0.8575	0.0208698926436	0.95278	0.0196607497051
0.8575	0.134193306224	0.8575	0.099393900987	0.8575	0.0394007277536	0.8575	0.043628497651	0.8575	0.0310642221067	0.8575	0.0236974097124	0.8575	0.0159781488894	0.8575	0.0174469262001	0.8575	0.01792173123	0.95278	0.0202109244238
0.95278	0.209731127028	0.95278	0.160938360928	0.95278	0.122278060376	0.95278	0.0701005590025	0.95278	0.042269513702	0.95278	0.043883839051	0.95278	0.0258004997708	0.95278	0.0240472433225	0.95278	0.0319298799912	0.95278	0.0189192849979
0.95278	0.169986244716	0.95278	0.134356448639	0.95278	0.126395015976	0.95278	0.0650210690622	0.95278	0.0364183199039	0.95278	0.0378923293392	0.95278	0.0240672886561	0.95278	0.0214328008936	0.95278	0.0249096276705	1.0481	0.0294695877533
0.95278	0.116252347364	0.95278	0.109860743807	0.95278	0.0700279521812	0.95278	0.0622092531094	0.95278	0.0368645763254	0.95278	0.0358174375223	0.95278	0.023396646492	0.95278	0.0197690252101	0.95278	0.0297375837045	1.0481	0.0244210173862
0.95278	0.125374902831	0.95278	0.0890827863748	0.95278	0.0373194733422	0.95278	0.0341938158773	0.95278	0.0317649203792	0.95278	0.0313245808484	0.95278	0.023224992863	0.95278	0.0159541571486	0.95278	0.0203069240421	1.0481	0.0215476546444
1.0481	0.189480748702	1.0481	0.151843711439	1.0481	0.140534052854	1.0481	0.0720760438166	1.0481	0.0422478405101	1.0481	0.0425183815032	1.0481	0.0316155756264	1.0481	0.0269367966079	1.0481	0.0312253676777	1.0481	0.0174372377414
1.0481	0.153081807556	1.0481	0.118258505918	1.0481	0.144097324254	1.0481	0.0661126689696	1.0481	0.0353108093001	1.0481	0.0385566540532	1.0481	0.0307611061685	1.0481	0.0248272744084	1.0481	0.0353920920635	1.1433	0.0302240017051
1.0481	0.0845044923304	1.0481	0.0861180670472	1.0481	0.0808952681261	1.0481	0.0641374892456	1.0481	0.0344236785913	1.0481	0.0359616858433	1.0481	0.0294681707863	1.0481	0.0210957099772	1.0481	0.0254680879959	1.1433	0.0290389622143
1.0481	0.129258424999	1.0481	0.0410496039582	1.0481	0.0445562254731	1.0481	0.0273196701096	1.0481	0.0319607751961	1.0481	0.0363300925122	1.0481	0.0197098462746	1.0481	0.018035800565	1.0481	0.0282261543967	1.1433	0.0216756125343
1.1433	0.165407600222	1.1433	0.133858222331	1.1433	0.139721993275	1.1433	0.0868118268246	1.1433	0.0360007452188	1.1433	0.0485059798793	1.1433	0.0331788919518	1.1433	0.0304442896932	1.1433	0.0334339763759	1.1433	0.0196002236037
1.1433	0.126080963784	1.1433	0.089319283137	1.1433	0.156441552578	1.1433	0.0715881217826	1.1433	0.0342249448151	1.1433	0.0462440361154	1.1433	0.0306843900108	1.1433	0.0242756957004	1.1433	0.0301409716701	1.2386	0.0316129823034
1.1433	0.0797102802938	1.1433	0.045685285444	1.1433	0.0691366891309	1.1433	0.0677216487686	1.1433	0.0293295132842	1.1433	0.0399628771024	1.1433	0.0297718360067	1.1433	0.0196769904189	1.1433	0.0258192398144	1.2386	0.0292511090893
1.1433	0.12047353306	1.1433	0.015521865258	1.1433	0.0472106956239	1.1433	0.0158687642656	1.1433	0.0191318511897	1.1433	0.0387846155291	1.1433	0.0182135777616	1.1433	0.0188236616422	1.1433	0.0227937026093	1.2386	0.0234051483284
1.2386	0.158864387516	1.2386	0.101824083356	1.2386	0.160181195045	1.2386	0.0753451255259	1.2386	0.0245555324716	1.2386	0.0518281719013	1.2386	0.0333464731981	1.2386	0.0305409342626	1.2386	0.0351926935555	1.2386	0.0205779147403
1.2386	0.120188707919	1.2386	0.0887245970011	1.2386	0.122516595563	1.2386	0.0651722777379	1.2386	0.0249225470726	1.2386	0.0402616311626	1.2386	0.0256377041368	1.2386	0.021742264454	1.2386	0.0330402189505	1.3339	0.035588720071
1.2386	0.0688733711581	1.2386	0.0313681800331	1.2386	0.0591781509805	1.2386	0.0683678188779	1.2386	0.0231906135016	1.2386	0.0426112986528	1.2386	0.0249838015081	1.2386	0.0174549117634	1.2386	0.029436156739	1.3339	0.0283221199826
1.2386	0.116145426661	1.2386	-0.00224891670186	1.2386	0.0292708212205	1.2386	0.0136943033839	1.2386	0.0130513285896	1.2386	0.03878938224	1.2386	0.0232772418319	1.2386	0.0136656256616	1.2386	0.0260157608548	1.3339	0.021027129759
1.3339	0.133373308593	1.3339	0.0916576846116	1.3339	0.138329586096	1.3339	0.0636440457759	1.3339	0.021770752965	1.3339	0.0518705427271	1.3339	0.0320335681733	1.3339	0.0307145768808	1.3339	0.0405852847303	1.3339	0.0177721280585
1.3339	0.111805709571	1.3339	0.0683828348066	1.3339	0.105337436199	1.3339	0.0723707617539	1.3339	0.013597679227	1.3339	0.0474412675137	1.3339	0.0260394162235	1.3339	0.0276984502224	1.3339	0.0351876376948	1.4292	0.0324977064073
1.3339	0.0525333791347	1.3339	0.0285714762266	1.3339	0.0303122095571	1.3339	0.0614215680689	1.3339	0.018215999573	1.3339	0.0462537476123	1.3339	0.0216404791518	1.3339	0.02154339357	1.3339	0.0289765185953	1.4292	0.0266971287258
1.3339	0.110916324185	1.3339	0.00775312101057	1.3339	0.0173390461681	1.3339	0.000243089079924	1.3339	0.00362077944	1.3339	0.0348955626042	1.3339	0.0186848725303	1.3339	0.0163554675354	1.3339	0.0286962851092	1.4292	0.0274808851988
1.4292	0.126472939305	1.4292	0.0673057885996	1.4292	0.130362558529	1.4292	0.0683626167297	1.4292	0.0115200973404	1.4292	0.0481872368567	1.4292	0.0290699308637	1.4292	0.0251989586699	1.4292	0.0408631902292	1.4292	0.0257088973189
1.4292	0.111776400735	1.4292	0.0648817876586	1.4292	0.0856890971116	1.4292	0.0478355867907	1.4292	0.0121593904464	1.4292	0.0503997862997	1.4292	0.0227314599071	1.4292	0.0215433690762	1.4292	0.0418152074016	1.5244	0.0354588771808
1.4292	0.05893817678	1.4292	0.0322395613356	1.4292	0.0207284682356	1.4292	0.0348690584497	1.4292	-0.00368446554259	1.4292	0.0475353255776	1.4292	0.0236825989503	1.4292	0.0180629947796	1.4292	0.0362546582702	1.5244	0.0334794363351
1.4292	0.101010293144	1.4292	0.0138781969166	1.4292	0.0145451898116	1.4292	-0.0134210870953	1.4292	-0.00674567900559	1.4292	0.039340622029	1.4292	0.0184823137574	1.4292	0.011234506223	1.4292	0.0275674388946	1.5244	0.031676777463
1.5244	0.11528051623	1.5244	0.0532837383735	1.5244	0.0800905474431	1.5244	0.0516818256823	1.5244	-0.000157191522037	1.5244	0.0516168360845	1.5244	0.0224966306219	1.5244	0.0215837781503	1.5244	0.0381629504295	1.5244	0.0240016884577
1.5244	0.0983058431943	1.5244	0.0680114574405	1.5244	0.11380335147	1.5244	0.0264554090333	1.5244	-0.00280080642604	1.5244	0.0470868981686	1.5244	0.0218254466793	1.5244	0.0180723503794	1.5244	0.0381035827179	1.6197	0.038827174646
1.5244	0.0476986511553	1.5244	0.0287812036105	1.5244	0.00744763036612	1.5244	0.0214799309383	1.5244	-0.017423310396	1.5244	0.0395452931559	1.5244	0.0149964544815	1.5244	0.00996027460421	1.5244	0.028842067466	1.6197	0.0371315356509
1.5244	0.0953704824723	1.5244	0.0372600637715	1.5244	0.00908123446812	1.5244	-0.0223355693927	1.5244	-0.020682211354	1.5244	0.0473809644793	1.5244	0.0177734769014	1.5244	0.00673735662901	1.5244	0.0298349319506	1.6197	0.0265484032141
1.6197	0.111705938453	1.6197	0.0389766142046	1.6197	0.102201881981	1.6197	0.0542933259894	1.6197	-0.00965037677577	1.6197	0.047583485709	1.6197	0.0255131160718	1.6197	0.0252139066557	1.6197	0.0414404852488	1.6197	0.0247681845202
1.6197	0.0935763105838	1.6197	0.0270773740446	1.6197	0.0552744938435	1.6197	0.0286520563824	1.6197	-0.0175900945988	1.6197	0.0491918414245	1.6197	0.015093551892	1.6197	0.0164535242941	1.6197	0.0368673684389	1.715	0.035507394641
1.6197	0.0349873200128	1.6197	0.0572827806686	1.6197	0.00181006710148	1.6197	0.0155266955444	1.6197	-0.0390132409708	1.6197	0.0529513764851	1.6197	0.0174410156543	1.6197	0.0121905261318	1.6197	0.0368515940999	1.715	0.0356603575055
1.6197	0.0905818350608	1.6197	0.0346498558646	1.6197	0.0100685011665	1.6197	-0.0282760329216	1.6197	-0.0444003141228	1.6197	0.0491035940239	1.6197	0.0144005765753	1.6197	0.00473327280557	1.6197	0.0300631467819	1.715	0.034102396885
1.715	0.107512535875	1.715	0.0374987422836	1.715	0.0419109127559	1.715	0.0464693229441	1.715	-0.0256368652671	1.715	0.0427481927364	1.715	0.0111394468897	1.715	0.0195475192358	1.715	0.0468585218928	1.715	0.0315743911156
1.715	0.0299928192294	1.715	0.0289256460236	1.715	0.0728852701079	1.715	0.0137049435661	1.715	-0.0251709386521	1.715	0.0527391120084	1.715	0.00576196426295	1.715	0.0150423087098	1.715	0.0382512951744	1.8103	0.0381099741845
1.715	0.0638150394744	1.715	0.0534041151306	1.715	-0.00537329490011	1.715	0.00841773682311	1.715	-0.0508674746121	1.715	0.0458838849594	1.715	0.0122324165446	1.715	0.00565317143091	1.715	0.0350850342164	1.8103	0.0370499399027
1.715	0.0971196460624	1.715	0.0375267711576	1.715	0.00698258412389	1.715	-0.0284381338559	1.715	-0.0640894978761	1.715	0.0451792235494	1.715	0.00449428765135	1.715	0.00534816500571	1.715	0.0310260416534	1.8103	0.0330216146906
1.8103	0.100539606751	1.8103	0.027550317631	1.8103	0.0296216560235	1.8103	0.0126798890809	1.8103	-0.0337659552698	1.8103	0.0559947321822	1.8103	0.0123589251348	1.8103	0.0160779634064	1.8103	0.0452631607453	1.8103	0.0303398811026
1.8103	0.0670940167288	1.8103	0.048166107859	1.8103	0.0682439073715	1.8103	0.0414881553729	1.8103	-0.0287411584928	1.8103	0.0579161535002	1.8103	0.00574434009485	1.8103	0.0111044208655	1.8103	0.0309961192252	1.9056	0.0524928657205
1.8103	0.0194671989288	1.8103	0.018648360315	1.8103	0.0137745496235	1.8103	0.0089101201089	1.8103	-0.0519346920578	1.8103	0.0430936967692	1.8103	-0.00703443937715	1.8103	0.00938076587403	1.8103	0.0310575326139	1.9056	0.0382456009512
1.8103	0.0838218325518	1.8103	0.03983488789	1.8103	-0.0217538057075	1.8103	-0.0330241043311	1.8103	-0.0768981674018	1.8103	0.0415955955922	1.8103	-0.00364022250315	1.8103	-0.00304981370367	1.8103	0.022020685686	1.9056	0.0365910866284
1.9056	0.0815358707712	1.9056	0.041949229538	1.9056	0.0152343014567	1.9056	0.0442234379146	1.9056	-0.0251383678784	1.9056	0.0535492097556	1.9056	0.00613476675271	1.9056	0.0124359564975	1.9056	0.0391089852268	1.9056	0.0184412985222
1.9056	0.0656462669222	1.9056	0.024518958711	1.9056	0.0540989861157	1.9056	-0.00090410243842	1.9056	-0.0546957287584	1.9056	0.0501667980996	1.9056	0.00842856149371	1.9056	0.00278920767224	1.9056	0.0404533895568	2.0008	0.0455373030574
1.9056	0.0166539339052	1.9056	0.00626893076501	1.9056	-0.0149875751283	1.9056	-0.00034882092642	1.9056	-0.0359408177144	1.9056	0.0497938441486	1.9056	-0.00580518972229	1.9056	-0.00712608871216	1.9056	0.0299315023184	2.0008	0.043608985469
1.9056	0.0799821344012	1.9056	0.03066961491	1.9056	0.00992019239574	1.9056	-0.0413507320284	1.9056	-0.0602185365394	1.9056	0.0441678619946	1.9056	-0.0155267696353	1.9056	-0.0105425148678	1.9056	0.0317965665488	2.0008	0.0412692170615
2.0008	0.0780157931753	2.0008	0.0453646556288	2.0008	0.0165537496608	2.0008	0.0357969976077	2.0008	-0.058489833483	2.0008	0.057553234793	2.0008	0.0156058220485	2.0008	-0.00304358422195	2.0008	0.0560063181075	2.0008	0.0261482384315
2.0008	0.0158463513873	2.0008	0.00859107559979	2.0008	-0.0089293243432	2.0008	-0.0115528294693	2.0008	-0.041568632714	2.0008	0.04302954588	2.0008	-0.00701626807553	2.0008	-0.00248134280865	2.0008	0.0404505681249	2.0961	0.0577423771536
2.0008	0.0573521828203	2.0008	0.0305715601668	2.0008	0.0356955216188	2.0008	-0.0188980660633	2.0008	-0.044518313986	2.0008	0.051634701616	2.0008	-0.00976326681253	2.0008	-0.0121610726183	2.0008	0.0377549582572	2.0961	0.0440478029596
2.0008	0.0790419352343	2.0008	0.0102696110718	2.0008	0.0121349549828	2.0008	0.000406335363659	2.0008	-0.060197949633	2.0008	0.047611309975	2.0008	-0.0236751503105	2.0008	-0.0172825012203	2.0008	0.0293764618459	2.0961	0.0345749556198
2.0961	0.0731862272689	2.0961	0.0287502718174	2.0961	0.00839663774517	2.0961	0.037959153921	2.0961	-0.0430631630973	2.0961	0.0562951575557	2.0961	-0.00319035985621	2.0961	0.00209982377327	2.0961	0.0442961131941	2.0961	0.0205991334598
2.0961	0.0473391950459	2.0961	0.00147788119437	2.0961	0.00439921928017	2.0961	-0.016503660756	2.0961	-0.0300361261223	2.0961	0.0400154000867	2.0961	-0.00902202207021	2.0961	-0.0143797376977	2.0961	0.0535065024751	2.1914	0.0567038621176
2.0961	0.000113219980888	2.0961	0.00899586002637	2.0961	0.0363343015792	2.0961	0.00804360121704	2.0961	-0.0423040727773	2.0961	0.0525694978967	2.0961	-0.0239998032032	2.0961	-0.0269149104607	2.0961	0.0216851586759	2.1914	0.0385904573542
2.0961	0.0653065896939	2.0961	0.0305523062904	2.0961	0.0132221297912	2.0961	-0.011803596141	2.0961	-0.0417212053843	2.0961	0.0377033693687	2.0961	-0.0311388891142	2.0961	-0.0274219587897	2.0961	0.0309875292075	2.1914	0.0356747697179
2.1914	0.0651046205635	2.1914	0.00759953165	2.1914	0.00742141475988	2.1914	0.0364407772056	2.1914	-0.0450276725688	2.1914	0.0528509754472	2.1914	-0.00595213086032	2.1914	-0.0210466638698	2.1914	0.0565316431139	2.1914	0.0142917091822
2.1914	-0.00132877335652	2.1914	0.009131788547	2.1914	0.0324655749219	2.1914	0.0189374474286	2.1914	-0.0178186414068	2.1914	0.0635375280422	2.1914	-0.0136805365093	2.1914	-0.0181837556908	2.1914	0.0341851905475	2.2867	0.0514568721227
2.1914	0.0428744505525	2.1914	0.033961450472	2.1914	-0.0145220917011	2.1914	-0.00775670882641	2.1914	-0.0389026390598	2.1914	0.0366440106812	2.1914	-0.0295523201033	2.1914	-0.0386933231268	2.1914	0.0319851939846	2.2867	0.0442251300563
2.1914	0.0675375780705	2.1914	0.019789617529	2.1914	0.00467883258988	2.1914	-0.0265238371734	2.1914	-0.0382046014268	2.1914	0.0498922580402	2.1914	-0.0218363092643	2.1914	-0.0395884955098	2.1914	0.0204415287506	2.2867	0.0356262005834
2.2867	0.0633078730476	2.2867	0.00463628086778	2.2867	0.0248466908347	2.2867	0.0324107507906	2.2867	-0.0125536202366	2.2867	0.0669801618941	2.2867	-0.00940510424035	2.2867	-0.0146333777005	2.2867	0.0569362970793	2.2867	0.0202491792051
2.2867	-0.0130036778804	2.2867	0.00782087848178	2.2867	0.00242576623073	2.2867	-0.00952056591139	2.2867	-0.0456844010286	2.2867	0.0443481503651	2.2867	-0.0236873605514	2.2867	-0.0326503092305	2.2867	0.0301428030117	2.3819	0.0617312868973
2.2867	0.0300922774326	2.2867	0.0102870312198	2.2867	0.0318121868367	2.2867	0.00729947638161	2.2867	-0.0227799255966	2.2867	0.0630897333641	2.2867	-0.0537322140674	2.2867	-0.0393804468995	2.2867	0.0253654856048	2.3819	0.0421394569911
2.2867	0.0476675702426	2.2867	0.0208596337628	2.2867	0.00555838720073	2.2867	-0.0351431132514	2.2867	-0.0247750660276	2.2867	0.0458303100771	2.2867	-0.0498519239284	2.2867	-0.0431508442635	2.2867	0.0297699279874	2.3819	0.0366294620269
2.3819	-0.00311170055758	2.3819	0.00605412114493	2.3819	0.0152789966048	2.3819	0.0116465387371	2.3819	-0.0214383050684	2.3819	0.0751965123577	2.3819	7.73757382942e-05	2.3819	-0.0422615801192	2.3819	0.056486797368	2.3819	0.0192755747457
2.3819	0.0345213972134	2.3819	0.0129733518589	2.3819	-0.00137902686222	2.3819	0.0280578402331	2.3819	-0.00680541255239	2.3819	0.0554339955897	2.3819	-0.0248715814427	2.3819	-0.0400705090562	2.3819	0.0319151926803	2.4772	0.0693340267856
2.3819	0.0412471267174	2.3819	0.0272433627999	2.3819	0.0277199341138	2.3819	-0.0137538008619	2.3819	-0.0224799929894	2.3819	0.0257704631117	2.3819	-0.0505209948777	2.3819	-0.0522599050242	2.3819	0.0110681948045	2.4772	0.0444311779984
2.3819	0.0394171605614	2.3819	-0.00197120796807	2.3819	0.0415675981018	2.3819	-0.0404977090319	2.3819	-0.0403103051434	2.3819	0.0502727456927	2.3819	-0.0454275004077	2.3819	-0.0703054944712	2.3819	0.029696062787	2.4772	0.0389663529698
2.4772	0.0508973840035	2.4772	0.00910247415413	2.4772	0.00739566053957	2.4772	0.012398084337	2.4772	-0.0120124741549	2.4772	0.0675738528852	2.4772	-0.0282536120647	2.4772	-0.0373844908688	2.4772	0.032933421347	2.4772	0.015404559069
2.4772	0.0176995171445	2.4772	-0.00462878662287	2.4772	0.0221186631936	2.4772	-0.012644039931	2.4772	-0.00359952214285	2.4772	0.0615289668092	2.4772	-0.0521957026167	2.4772	-0.0527106460358	2.4772	0.0238386167852	2.5725	0.0672368757864
2.4772	0.0297759628415	2.4772	0.0219357220491	2.4772	-0.0129554618694	2.4772	0.015630124462	2.4772	-0.0416900743079	2.4772	0.0326678733162	2.4772	-0.0320164717547	2.4772	-0.0517199324258	2.4772	0.0481323666229	2.5725	0.0359423619384
2.5725	0.0528795592395	2.4772	0.00506220353013	2.4772	0.0247754564236	2.4772	-0.047367835622	2.4772	-0.0183328694639	2.4772	0.0557904002742	2.4772	-0.0506610482417	2.4772	-0.0634557417538	2.4772	0.0154059813348	2.5725	0.0343245379104
2.5725	0.0170070226665	2.5725	0.0113496670906	2.5725	0.00810042589345	2.5725	0.0417685479694	2.5725	-0.00339630676007	2.5725	0.086012392997	2.5725	-0.0254326476836	2.5725	-0.0617022448602	2.5725	0.0301828674887	2.5725	0.00381316463815
2.5725	0.0326276006985	2.5725	0.00571744142457	2.5725	0.00428454779145	2.5725	-0.0278792271236	2.5725	0.00133624235293	2.5725	0.060181538058	2.5725	-0.0623859410606	2.5725	-0.0589064559642	2.5725	0.046505461279	2.6678	0.0569313004856
2.6678	0.0412883851052	2.5725	0.00819021968357	2.5725	0.0164603408514	2.5725	-0.0218943511516	2.5725	-0.0114738794061	2.5725	0.032532401512	2.5725	-0.0425793502516	2.5725	-0.0713466679062	2.5725	0.00974990103771	2.6678	0.0363206798412
2.6678	0.00610980112415	2.5725	-0.00898396513643	2.5725	0.00607662799445	2.5725	-0.0036959090656	2.5725	-0.00424236195807	2.5725	0.063813082397	2.5725	-0.0496220938766	2.5725	-0.0763774605362	2.5725	0.0158117882617	2.6678	0.0340073653722
2.6678	0.0261505679102	2.6678	-0.00486712331667	2.6678	0.0107086499775	2.6678	0.0337643361951	2.6678	-0.0063037809466	2.6678	0.0838194577489	2.6678	-0.0127248074738	2.6678	-0.0683985927574	2.6678	0.0339000924599	2.6678	-0.00680776415296
2.7631	0.038170733197	2.6678	0.00929686660333	2.6678	-0.0105065943545	2.6678	-0.0137178679139	2.6678	-0.0011586563626	2.6678	0.0582782803049	2.6678	-0.0480522759978	2.6678	-0.0612717134994	2.6678	0.0546568756351	2.7631	0.0695015951808
2.7631	0.010736253243	2.6678	-0.0135003903367	2.6678	0.0088450172935	2.6678	0.00529744906314	2.6678	-0.0131744138196	2.6678	0.0203036636779	2.6678	-0.0335411046648	2.6678	-0.0825631992194	2.6678	0.00734062269892	2.7631	0.0377079857096
2.7631	0.00706814385801	2.6678	-0.00419676372667	2.6678	0.0130747903625	2.6678	-0.0274714699289	2.6678	-0.0078207150426	2.6678	0.0616833399779	2.6678	-0.0295293744578	2.6678	-0.0899289582724	2.6678	0.0108234665429	2.7631	0.0238091753589
2.8583	0.0177059438493	2.7631	-0.00810272237016	2.7631	0.00278930420425	2.7631	0.0269536135501	2.7631	-0.0227882547579	2.7631	0.0818641505314	2.7631	-0.0321538747668	2.7631	-0.0759515253233	2.7631	0.0153110496469	2.7631	-0.0318414904984
2.8583	-0.00215887088773	2.7631	-0.0207332963702	2.7631	-0.00427931737175	2.7631	-0.0147553936849	2.7631	0.0118541031041	2.7631	0.0380217676254	2.7631	-0.0200112646498	2.7631	-0.0848354480343	2.7631	0.0466300588379	2.8583	0.0758531247504
2.8583	-0.00290888590773	2.7631	-0.00379495806016	2.7631	0.00503843886725	2.7631	0.000165465905116	2.7631	-0.00103481521994	2.7631	0.0507280899204	2.7631	-0.0622544145078	2.7631	-0.0916987912763	2.7631	-0.000121812442072	2.8583	0.0348281495686
2.9536	0.0222868449837	2.7631	-0.00744889026016	2.7631	-0.00929097350175	2.7631	-0.0314632907149	2.7631	-0.00745999597194	2.7631	0.0590080357994	2.7631	-0.0539617543988	2.7631	-0.0985792294053	2.7631	0.00685270828993	2.8583	0.0277569945815
2.9536	0.0037651936317	2.8583	0.00191906806685	2.8583	-0.00331654788469	2.8583	0.0390825669769	2.8583	0.009648745362	2.8583	0.0932273715494	2.8583	-0.0011612428525	2.8583	-0.0750194724407	2.8583	0.0213340805218	2.8583	0.0030192387383
2.9536	-0.0016320685913	2.8583	-0.00409647421515	2.8583	-0.0254861107447	2.8583	-0.0124058963591	2.8583	0.014428994143	2.8583	0.0762927879044	2.8583	-0.0227005142915	2.8583	-0.0838654583467	2.8583	0.00421359179084	2.9536	0.0757881069802
3.0489	0.0145125634821	2.8583	-0.00509449348515	2.8583	0.000105466804315	2.8583	-0.0139510790171	2.8583	0.003624921929	2.8583	0.0282357534424	2.8583	-0.0567557190125	2.8583	-0.103662581115	2.8583	0.0433451843998	2.9536	0.0234546070971
3.0489	-0.00294096089886	2.9536	0.00870350360015	2.8583	0.00686193693331	2.8583	0.00449658998188	2.8583	-0.019083885285	2.8583	0.0751107831294	2.8583	-0.0588600299955	2.8583	-0.104772386063	2.8583	0.00589467728484	2.9536	0.0143464909101
3.0489	-0.0102196672589	2.9536	0.00305659425515	2.9536	-0.0119864663273	2.9536	0.0410101966869	2.9536	0.00697693283022	2.9536	0.105301693658	2.9536	-0.00281682202236	2.9536	-0.0944467529028	2.9536	0.00746710340944	2.9536	-0.0365657845899
3.1442	0.0108799289948	2.9536	0.00492174686215	2.9536	-0.0142848912673	2.9536	-0.000133763272093	2.9536	0.00401357273622	2.9536	0.0597576216621	2.9536	-0.0215626623724	2.9536	-0.0785315666598	2.9536	0.0477035595634	3.0489	0.0695555277115
3.1442	-0.0094266062042	3.0489	-0.00694559891141	2.9536	0.00905975910069	2.9536	-0.0109451002091	2.9536	-0.00281158916978	2.9536	0.0240186881601	2.9536	-0.0507608073694	2.9536	-0.108416630563	2.9536	-0.0126747537026	3.0489	0.031248874537
3.1442	0.0076674867778	3.1442	0.0100347071833	2.9536	-0.0125552801873	2.9536	0.0144507915179	2.9536	0.00921362383922	2.9536	0.0678291373491	2.9536	-0.0418988468364	2.9536	-0.11394522531	2.9536	-0.00668536570656	3.0489	0.00817257304002
3.2394	0.00191768153874			3.0489	0.000804254528594	3.0489	-0.00496703523106	3.0489	-0.00303305138072	3.0489	0.105199844902	3.0489	-0.00735564340219	3.0489	-0.0819497402886	3.0489	-0.00391921362457	3.0489	-0.047983204533
3.33	-0.000940403241398			3.0489	0.00753273493159	3.0489	0.0166889663819	3.0489	0.0128688812513	3.0489	0.0230443569658	3.0489	-0.0539649839432	3.0489	-0.0831038310416	3.0489	0.00341687584043	3.1442	0.0745181894481
3.4253	-0.00166690976847			3.1442	-0.00546911818946	3.0489	-0.00745127461106	3.0489	0.00719153140628	3.0489	0.0550228725638	3.0489	-0.0337112490152	3.0489	-0.0925903942976	3.0489	0.0497990768864	3.1442	0.0241511144921
3.5206	-0.0101935657365			3.1442	0.00207022108154	3.0489	0.0257999347409	3.0489	-0.000860428651718	3.0489	0.0751271091658	3.0489	-0.0293680267912	3.0489	-0.0982241381316	3.0489	-0.0179311433686	3.1442	0.0215724758441
				3.2394	-0.00477738178027	3.1442	-0.00524147128682	3.1442	0.00193819398334	3.1442	0.0935089266348	3.1442	-0.00602662822701	3.1442	-0.104718781537	3.1442	0.0163550182586	3.1442	-0.0464615811609
				3.33	0.00212021922569	3.1442	0.0213449722252	3.1442	0.0298176382143	3.1442	0.0705826127088	3.1442	-0.04456064619	3.1442	-0.0872031396473	3.1442	-0.00339249215939	3.2394	0.0671507258363
				3.4253	-0.0118781501421	3.1442	-0.0133053090128	3.1442	0.0215313690483	3.1442	0.0213827342298	3.1442	0.000184302610994	3.1442	-0.104342835769	3.1442	0.0420274134296	3.2394	0.0329373247223
						3.1442	-0.00271213930782	3.1442	0.00531606637234	3.1442	0.0746717666648	3.1442	-0.044117200699	3.1442	-0.103901109797	3.1442	-0.0152462020214	3.2394	0.0115792794493
						3.2394	-0.00685641283545	3.2394	0.0146494062531	3.2394	0.0924366712723	3.2394	0.000322960191463	3.2394	-0.0845917932425	3.2394	0.0233579217258	3.2394	-0.0415369850037
						3.2394	7.40756025495e-05	3.2394	0.0152072333461	3.2394	0.0750447723623	3.2394	0.00368368189446	3.2394	-0.0888578860595	3.2394	-0.0198783443132	3.33	0.0819825607544
						3.2394	0.0101868466465	3.2394	0.0174990219871	3.2394	0.0191590089743	3.2394	-0.0489400739125	3.2394	-0.102791601317	3.2394	0.0384702361118	3.33	0.0211319760004
						3.2394	0.00353655724055	3.2394	-0.000747995507941	3.2394	0.0679906169093	3.2394	-0.0159967939835	3.2394	-0.10737073508	3.2394	-0.0249491981042	3.33	0.0119331275454
						3.33	-0.0124589564733	3.33	0.0100520068564	3.33	0.0808574563501	3.33	0.0150617724335	3.33	-0.118026504571	3.33	0.0228131806439	3.33	-0.0431294757776
						3.33	-0.0242656054833	3.33	-0.0261592680626	3.33	0.0208587076211	3.33	-0.0556568411215	3.33	-0.106978916063	3.33	0.00386486324186	3.4253	0.0803486793107
						3.33	-0.0114662035133	3.33	-0.00621992579764	3.33	0.0502282768841	3.33	-0.0198765078635	3.33	-0.121970756746	3.33	0.0318930425179	3.4253	0.0093623662157
						3.33	4.14503856642e-05	3.33	-0.00870215651564	3.33	0.0580682192641	3.33	-0.0292200116905	3.33	-0.12324245326	3.33	-0.0310579957211	3.4253	-0.0025206689943
						3.4253	-0.00607138861461	3.4253	-0.000846878375613	3.4253	0.0663349400364	3.4253	-0.000377415695323	3.4253	-0.118632748049	3.4253	0.0112003110833	3.4253	-0.0705493011093
						3.4253	-0.00862912074461	3.4253	-0.0328667067736	3.4253	0.0547623981824	3.4253	-0.0421245695843	3.4253	-0.107723039641	3.4253	-0.00676924594773	3.5206	0.0745549648819
						3.4253	-0.0153058157346	3.4253	-0.0126105670796	3.4253	0.0739480692964	3.4253	0.00743287429568	3.4253	-0.132109825418	3.4253	0.0211950354153	3.5206	0.0200389293549
						3.5206	-0.001006084502	3.4253	-0.00261592751361	3.4253	0.00351731674942	3.4253	-0.0253252414073	3.4253	-0.133994244084	3.4253	-0.0243222259757	3.5206	0.00529891415494
						3.5206	-0.011760400194	3.5206	-0.0115698491127	3.5206	0.0574207807053	3.5206	-0.0549211159712	3.5206	-0.101929484745	3.5206	0.0156849993206	3.5206	-0.0663573198181
						3.6158	-0.0113101951298	3.5206	0.00568137517231	3.5206	0.0110524336103	3.5206	-0.0193126763842	3.5206	-0.13175029554	3.5206	-0.00575714024443	3.6158	0.0657695418095
						3.6158	0.00481263169119	3.5206	0.0149156422043	3.5206	0.0422732180693	3.5206	-0.0140901839292	3.5206	-0.110892243743	3.5206	0.0323467671846	3.6158	-0.00234790868546
						3.7111	0.00463356884792	3.5206	-0.00546610474569	3.5206	0.0444646074713	3.5206	-0.00434861615116	3.5206	-0.113796343006	3.5206	-0.0310446166034	3.6158	-0.00649566417946
								3.6158	-0.0100899841706	3.6158	0.0612470858445	3.6158	-0.0555305967286	3.6158	-0.1306364089	3.6158	0.0129566678592	3.6158	-0.109397375968
								3.6158	-0.00314589859956	3.6158	0.0127320369065	3.6158	-0.00248964162759	3.6158	-0.108263337868	3.6158	0.00575742674524	3.7111	0.0675313634743
								3.6158	-0.00277006134056	3.6158	0.0503707658075	3.6158	-0.0240696954856	3.6158	-0.119662833612	3.6158	0.0134601887562	3.7111	0.0121263550103
								3.6158	0.00353571871244	3.6158	0.0615678413105	3.6158	-0.0216802998876	3.6158	-0.138163944933	3.6158	-0.0414667165128	3.7111	-0.0104420889347
								3.7111	-0.0172540901902	3.7111	0.0635320938095	3.7111	-0.00979676845106	3.7111	-0.120644522144	3.7111	0.0508054539449	3.7111	-0.0883182893497
								3.7111	0.00400695233283	3.7111	0.0125868671535	3.7111	-0.0579031537921	3.7111	-0.0973254211632	3.7111	-0.0294269229961	3.8064	0.0488009403618
								3.7111	-0.00664123157717	3.7111	0.0485242475665	3.7111	0.00342317164894	3.7111	-0.110319292894	3.7111	0.0212864990049	3.8064	-0.00180876728717
								3.7111	-0.00374582963417	3.7111	0.0476920541205	3.7111	-0.0212262958611	3.7111	-0.154140535904	3.7111	-0.0436049635871	3.8064	-0.0258235485052
								3.8064	-0.00271410700118	3.8064	0.0730765745834	3.8064	-0.00289420639275	3.8064	-0.101926247146	3.8064	-0.00231707744524	3.8064	-0.0869171455492
								3.8064	0.00443415024582	3.8064	0.00118604109238	3.8064	-0.0468127547377	3.8064	-0.0963531203251	3.8064	-0.0134324627132	3.9017	0.0571173654011
								3.8064	-0.00253648473418	3.8064	0.0421652529084	3.8064	0.0100082178303	3.8064	-0.103969670276	3.8064	0.0204709308148	3.9017	-0.00501211309791
								3.8064	0.00119367806182	3.8064	0.0498129496024	3.8064	-0.00975082055675	3.8064	-0.118154192442	3.8064	-0.0395715299982	3.9017	-0.0191040464989
								3.9017	0.00037527669884	3.9017	0.0657378666159	3.9017	-0.0234558071431	3.9017	-0.0995007596871	3.9017	-0.0012491504657	3.9017	-0.0936476527799
								3.9017	0.00029089221284	3.9017	0.00687969400291	3.9017	0.0208833652939	3.9017	-0.0843174724821	3.9017	-0.0396239857337	3.9969	0.0572046419218
								3.9017	0.00915617705284	3.9017	0.0560800602849	3.9017	-0.00639918929615	3.9017	-0.117117631177	3.9017	0.0219451144193	3.9969	-0.0022164519792
								3.9017	-0.0123842807632	3.9017	0.0153388580269	3.9017	-0.00299239180715	3.9017	-0.132283474665	3.9017	-0.0422328745157	3.9969	-0.0291826437452
								3.9969	0.00440304058122	3.9969	0.0579221221584	3.9969	-0.00281899544859	3.9969	-0.0865141335785	3.9969	0.0145482041202	3.9969	-0.0904987701382
								3.9969	0.00477707438022	3.9969	-0.0120131819146	3.9969	-0.0490867845456	3.9969	-0.126333377054	3.9969	-0.0192991742278	4.0922	0.0505736343726
								3.9969	0.00795557841022	3.9969	0.0296760081734	3.9969	-0.0158801131676	3.9969	-0.100918031558	3.9969	0.0222975262882	4.0922	0.00437501515961
								3.9969	-0.0161615744718	3.9969	0.0495269280964	3.9969	-0.00723955171259	3.9969	-0.10160333099	3.9969	-0.0399070213088	4.0922	-0.0337696497364
								4.0922	-0.00154608965702	4.0922	0.0529959772199	4.0922	0.0153916050288	4.0922	-0.0923782884227	4.0922	0.0236150863736	4.0922	-0.0889299185604
								4.0922	-0.00107281403202	4.0922	-0.0034077343221	4.0922	-0.0495556694352	4.0922	-0.0715474526437	4.0922	-0.00965925220141	4.1875	0.0531801136282
								4.0922	-0.00472585939202	4.0922	0.0317392312279	4.0922	0.00952110979775	4.0922	-0.105894498531	4.0922	0.0117994381496	4.1875	-0.00332386236577
								4.0922	0.00515872498598	4.0922	0.0445372095349	4.0922	-0.00657676105825	4.0922	-0.121844905423	4.0922	-0.0335438903244	4.1875	-0.0138976510398
								4.1875	-0.00550085064655	4.1875	0.0590425891075	4.1875	-0.0238007387285	4.1875	-0.0795453876654	4.1875	0.0420292407555	4.1875	-0.124887475141
								4.1875	-0.00771117540355	4.1875	0.0018008550325	4.1875	0.00865857901349	4.1875	-0.0796215282764	4.1875	-0.00366432921247	4.2828	0.052292562827
								4.1875	-0.00857681600355	4.1875	0.0267646607465	4.1875	-0.00243405565051	4.1875	-0.0924543935704	4.1875	0.0136730415035	4.2828	0.018973501247
								4.1875	-0.0163487001636	4.1875	0.0536531980355	4.1875	-0.0192225337525	4.1875	-0.123731187079	4.1875	-0.0396151876535	4.2828	-0.030403394095
								4.2828	0.0144473549908	4.2828	0.042842447924	4.2828	-0.0131098480614	4.2828	-0.0769619653259	4.2828	0.0457807634034	4.2828	-0.116887454604
								4.2828	-0.0200255010202	4.2828	-0.003755304098	4.2828	0.00148204689457	4.2828	-0.0729221675799	4.2828	0.0175014994984	4.3781	0.0566632173596
								4.2828	0.00780332527785	4.2828	0.030006852137	4.2828	-0.00539682483143	4.2828	-0.0791651917479	4.2828	0.0136212504524	4.3781	-0.00549041264643
								4.2828	-0.00800689651015	4.2828	0.051001098053	4.2828	-0.0139113662854	4.2828	-0.0905411171709	4.2828	-0.0426519988326	4.3781	-0.0532604064444
								4.3781	-0.00228011237498	4.3781	0.0416599572146	4.3781	-0.00692318464237	4.3781	-0.0686475855834	4.3781	0.04293059797	4.3781	-0.15290320102
								4.3781	-0.00242049761998	4.3781	0.00150641835659	4.3781	-0.00461562462237	4.3781	-0.0750169628864	4.3781	-0.002202400531	4.4733	0.0249917140801
								4.3781	-0.000194981186985	4.3781	0.0371674897886	4.3781	-0.0144629220434	4.3781	-0.0923358914984	4.3781	0.01340392819	4.4733	-0.0144691696209
								4.3781	-0.00539490457298	4.3781	0.0452765724836	4.3781	0.000865817603634	4.3781	-0.105209934364	4.3781	-0.037304243735	4.4733	-0.10679860587
								4.4733	-0.00119337229586	4.4733	0.0317721461269	4.4733	-0.00732698979971	4.4733	-0.0516366561197	4.4733	0.0493863759341	4.4733	-0.0576114491509
								4.4733	-0.00669640156486	4.4733	0.00865814708785	4.4733	0.000417083680291	4.4733	-0.0909837135477	4.4733	-0.0154509051179	4.5686	0.0499947642109
								4.4733	-0.00774803010486	4.4733	0.0447215300239	4.4733	-0.0209853345427	4.4733	-0.0708177150587	4.4733	0.0284403375911	4.5686	-0.0073304149591
								4.4733	-0.0207792760249	4.4733	0.00414947407885	4.4733	0.00135396512629	4.4733	-0.0947300516487	4.4733	-0.0400042098429	4.5686	-0.0869383193021
								4.5686	0.00739733057763	4.5686	0.0197786986633	4.5686	-0.0329109976695	4.5686	-0.0366599359847	4.5686	0.00602773097385	4.5686	-0.0362354356751
								4.5686	-0.00141324901137	4.5686	-0.0105839394397	4.5686	0.00896646850747	4.5686	-0.0715316564587	4.5686	0.00544184714185	4.6639	0.0258313145603
								4.6639	-0.0124923496853	4.5686	0.0304056709023	4.5686	-0.00973419101353	4.5686	-0.0585634803567	4.5686	0.0261774621308	4.6639	-0.0114640828167
								4.6639	-0.000814516061284	4.5686	0.0502597037903	4.5686	-0.00336141890053	4.5686	-0.0603750438427	4.5686	-0.0481976272842	4.6639	-0.0580152822257
								4.7592	-0.00858490775851	4.6639	0.0248607493517	4.6639	-0.00969429344996	4.6639	-0.0755863652761	4.6639	0.0562908236138	4.6639	-0.147462589568
								4.7592	-0.00698263517851	4.6639	-0.00302209066329	4.6639	0.00299274160204	4.6639	-0.0587897106001	4.6639	0.00317068800278	4.7592	0.0459875851243
										4.6639	0.0298313443437	4.6639	0.00636225576104	4.6639	-0.0624033901041	4.6639	0.0248690973748	4.7592	-0.0177350772647
										4.6639	0.0529900601617	4.6639	-0.020975790235	4.6639	-0.0921434639751	4.6639	-0.0191527700192	4.7592	-0.0374641684847
										4.7592	0.0164901839067	4.7592	-0.0138345922705	4.7592	-0.0815816102952	4.7592	0.0209728496034	4.7592	-0.135972199084
										4.7592	0.00756677694473	4.7592	0.0142526770625	4.7592	-0.0487917248702	4.7592	0.000567199746355	4.8544	0.0224679238957
										4.7592	0.0110630923727	4.7592	-0.0204744300065	4.7592	-0.0711389220282	4.7592	0.0212242840474	4.8544	-0.0322409721283
										4.7592	0.0228130874657	4.7592	-0.00415172130453	4.7592	-0.0767879160892	4.7592	-0.0568231408456	4.8544	-0.139071008038
										4.8544	0.0222958940062	4.8544	-0.0102867350917	4.8544	-0.0414020609439	4.8544	0.0121124755899	4.8544	-0.0607837657763
										4.8544	-0.0144756719278	4.8544	-0.00281135339367	4.8544	-0.0492863788329	4.8544	0.0127614696079	4.9497	0.0428934623409
										4.8544	0.0270171091912	4.8544	0.000791756538329	4.8544	-0.0493568918129	4.8544	0.0332412700929	4.9497	-0.116524798007
										4.8544	0.0270595680032	4.8544	-0.0267756916867	4.8544	-0.0528106813329	4.8544	-0.0267596597101	4.9497	-0.0337260914031
										4.9497	0.00714613938166	4.9497	-0.0159499890822	4.9497	-0.0569883692246	4.9497	0.025849758528	4.9497	-0.0571867904241
										4.9497	-0.00963224485934	4.9497	0.0219687645638	4.9497	-0.0268295000946	4.9497	0.024579066623	5.045	0.0384960091592
										4.9497	0.0254467496437	4.9497	-0.00275379226325	4.9497	-0.0441102316316	4.9497	0.02215639958	5.045	-0.0260287685568
										4.9497	0.0215558194357	4.9497	0.0162007561978	4.9497	-0.0594806724636	4.9497	-0.055767422283	5.045	-0.0331951944678
										5.045	0.0189418642063	5.045	-0.0234103179278	5.045	-0.0406940950934	5.045	0.0612044012325	5.045	-0.140466311923
										5.045	-0.0144193508237	5.045	0.0136230140702	5.045	-0.0804669071144	5.045	-0.00179718676351	5.1403	0.0268898235984
										5.045	0.0401519396893	5.045	-0.00857160430976	5.045	-0.0481378463374	5.045	0.0263525741315	5.1403	-0.0369142589296
										5.045	0.00599505740429	5.045	0.00567490543924	5.045	-0.0676219055214	5.045	-0.0272655482995	5.1403	-0.130170107752
										5.1403	0.000677462870533	5.1403	-0.0310501402854	5.1403	-0.0230257548011	5.1403	0.0630645100672	5.1403	-0.0365668136776
										5.1403	-0.0200903370275	5.1403	-0.00506293504338	5.1403	-0.0619348870211	5.1403	0.0153029552392	5.2356	0.0201825634295
										5.1403	0.0152492761575	5.1403	0.0176188664116	5.1403	-0.0298266902231	5.1403	0.0297802736682	5.2356	-0.121278928268
										5.1403	0.0110090704575	5.1403	-0.00107952094738	5.1403	-0.0569100214111	5.1403	-0.0178549896498	5.2356	-0.0279210549615
										5.2356	-0.00266718068577	5.2356	-0.0252574768947	5.2356	-0.0480470515731	5.2356	0.0623398110208	5.2356	-0.0395726924935
										5.2356	-0.00729949469077	5.2356	0.0168188654683	5.2356	-0.0249413399991	5.2356	0.0105825009048	5.3308	0.0404422861813
										5.2356	0.0196774091222	5.2356	-0.00319727168472	5.2356	-0.0379728110211	5.2356	0.00985159844779	5.3308	-0.0205449103827
										5.2356	0.0140961275532	5.2356	0.00253779400328	5.2356	-0.0497178262081	5.2356	-0.0271008089832	5.3308	-0.158626721615
										5.3308	0.000308703835948	5.3308	-0.0384216089037	5.3308	-0.0411448214144	5.3308	0.0425770482383	5.3308	-0.0674160917587
										5.3308	0.0325874099269	5.3308	0.0069435680733	5.3308	-0.0318785382364	5.3308	0.0276360574133	5.4261	0.0187489940166
										5.3308	-0.0242355556501	5.3308	-0.0065329910767	5.3308	-0.0504531076694	5.3308	0.000952733415278	5.4261	-0.00994100088137
										5.3308	0.0180627380239	5.3308	-0.0035289043787	5.3308	-0.0669744934164	5.3308	-0.0402062042177	5.4261	-0.0349492938614
										5.4261	-0.0112092820326	5.4261	-0.0242035091675	5.4261	-0.0488723393023	5.4261	0.04133379391	5.4261	-0.15770240443
										5.4261	-0.0122012495126	5.4261	0.00739507697149	5.4261	-0.0196664435473	5.4261	0.00259521794101	5.5214	-0.0115448007747
										5.4261	0.0160835372544	5.4261	-0.00508269302751	5.4261	-0.0328051522953	5.4261	-0.00988751753099	5.5214	-0.112931371249
										5.4261	0.0128523954074	5.4261	0.0124649388735	5.4261	-0.0509022101203	5.4261	-0.046988409893	5.5214	-0.0410366000337
										5.5214	0.0016929032056	5.5214	-0.00667729771783	5.5214	-0.0288728224985	5.5214	0.0671015132063	5.5214	-0.0464530354267
										5.5214	0.0157957212716	5.5214	0.0158916278562	5.5214	-0.0169587466965	5.5214	0.00875620405631	5.6167	0.00515766809273
										5.5214	0.0081167031036	5.5214	0.0294128175892	5.5214	-0.0171096620745	5.5214	0.00834592954231	5.6167	-0.0276736982593
										5.5214	-0.0012692277594	5.5214	-0.00460095039183	5.5214	-0.0214565612555	5.5214	-0.0242332989187	5.6167	-0.134047648224
										5.6167	-0.0141434826459	5.6167	0.0351183490245	5.6167	-0.0598858619178	5.6167	0.00843620140348	5.6167	-0.0270537692753
										5.6167	0.00427750494709	5.6167	-0.0291509973615	5.6167	-0.0432052974998	5.6167	0.00343396032648	5.7119	0.0206559699136
										5.6167	0.0276978511331	5.6167	0.000780872533452	5.6167	-0.0449676833148	5.6167	0.0160364519045	5.7119	-0.0233455307924
										5.6167	0.0181595599131	5.6167	0.0152907635595	5.6167	-0.0447117770608	5.6167	-0.0205589113585	5.7119	-0.144284213481
										5.7119	-0.012187930827	5.7119	-0.0241245918659	5.7119	0.00355513267076	5.7119	0.00720766336362	5.7119	-0.0429170245404
										5.7119	-0.00252756794998	5.7119	0.0177481894101	5.7119	-0.00822840159924	5.7119	0.0103194126416	5.8072	-0.000623014324918
										5.7119	0.021035029757	5.7119	0.00102342167307	5.7119	-0.0487637595772	5.7119	0.0184531807516	5.8072	-0.00295879579592
										5.7119	0.02318815957	5.7119	0.0197960258381	5.7119	-0.0510344196882	5.7119	-0.0243080577534	5.8072	-0.0367305881479
										5.8072	-0.0181431305792	5.8072	-0.0319790448323	5.8072	0.0214313159627	5.8072	0.0610650041825	5.8072	-0.150719047758
										5.8072	-0.0044948947072	5.8072	0.0177648176497	5.8072	-0.0331457389893	5.8072	0.00924973014151	5.9025	0.000728340197956
										5.8072	-0.0087964060292	5.8072	0.000197093958672	5.8072	-0.0813279851413	5.8072	0.0110501535445	5.9025	-0.01730373758
										5.8072	0.0165032975798	5.8072	0.0233587671767	5.8072	-0.0504261544173	5.8072	-0.0317574894735	5.9025	-0.025259032048
										5.9025	-0.00431213857419	5.9025	0.0088069568015	5.9025	-0.0440320768278	5.9025	0.0362420634638	5.9025	-0.163249436744
										5.9025	0.00218780349181	5.9025	0.0093031611755	5.9025	-0.0206439589678	5.9025	0.0183947474908	5.9978	0.0380857956869
										5.9025	-0.00676987126519	5.9025	-0.0244873146525	5.9025	-0.0278622541548	5.9025	0.0257921055208	5.9978	-0.0134801432831
										5.9025	0.0116509762268	5.9025	-0.0039922978215	5.9025	-0.0370646447168	5.9025	-0.0265048396482	5.9978	-0.144645159536
										5.9978	-0.0175302209675	5.9978	-0.0259319514255	5.9978	-0.0163783402376	5.9978	0.0433011217311	5.9978	-0.0505202037121
										5.9978	-0.0200290062975	5.9978	0.0237651118515	5.9978	-0.0223115477596	5.9978	0.00010769953615	6.0931	0.00628631452055
										5.9978	0.00757725625048	5.9978	0.00668602918747	5.9978	-0.0222287103426	5.9978	0.0309123245751	6.0931	-0.115339610732
										5.9978	-0.0265322535475	5.9978	-0.0265062514455	5.9978	-0.0500508066196	5.9978	-0.0252576159649	6.0931	-0.0271616781534
										6.0931	-0.00438094566432	6.0931	-0.00870452590678	6.0931	0.00292897544356	6.0931	0.0373323410915	6.0931	-0.0604591776764
										6.0931	-0.00418577063732	6.0931	0.00176222513522	6.0931	-0.00298411740344	6.0931	0.00611152765651	6.1883	-0.00370380794538
										6.0931	0.0199083255047	6.0931	0.00378910131222	6.0931	-0.00474352098744	6.0931	0.0339281058615	6.1883	-0.0109755304694
										6.0931	0.0184078796377	6.0931	-0.0108199897448	6.0931	-0.0349613664574	6.0931	-0.0211550440995	6.1883	-0.133442580961
										6.1883	0.00166591376115	6.1883	-0.00873495684046	6.1883	0.00506979967853	6.1883	0.0319805019092	6.1883	-0.0293522681394
										6.1883	-0.00326698158085	6.1883	0.0101811707445	6.1883	-0.0116793251405	6.1883	0.00328784627022	6.2836	0.0115588105506
										6.1883	-0.00177940677085	6.1883	-0.00955457399046	6.1883	-0.0443979000545	6.1883	0.0178129671292	6.2836	-0.0942304236704
										6.2836	-0.00791753199795	6.1883	-0.0258675405245	6.1883	-0.0442495190155	6.1883	-0.0263869979148	6.2836	-0.0273983095704
										6.2836	-0.00961340577795	6.2836	-0.0125634168015	6.2836	-0.0404844352867	6.2836	0.0261466316974	6.2836	-0.0220376082234
										6.3789	-0.00135110669101	6.2836	0.00840893322954	6.2836	-0.0146823650207	6.2836	0.0384462742214	6.3789	0.0215837694008
										6.3789	-0.000576171402013	6.2836	-0.0148442225945	6.2836	-0.0298281351207	6.2836	-0.00748813294256	6.3789	-0.0505254644592
										6.4742	0.00695670402251	6.2836	-0.0115210178905	6.2836	-0.0423033953917	6.2836	-0.0213367880406	6.3789	-0.00387184974318
										6.5694	-0.00393643848839	6.3789	-0.00909199489097	6.3789	-0.00663579327195	6.3789	0.0162920986395	6.3789	-0.0249926601422
										6.6647	-0.0183109036826	6.3789	0.000939331713025	6.3789	-0.028736718923	6.3789	0.0344724044345	6.4742	-0.025264727849
										6.76	-0.00381124480741	6.3789	-0.000917837148975	6.3789	-0.027523146364	6.3789	-0.0181688434765	6.4742	-0.082927751698
										6.8553	0.0191955654114	6.3789	-0.019705464291	6.3789	-0.046166078656	6.3789	-0.0260853758975	6.4742	-0.016530912716
										6.9506	-0.00394919998508	6.4742	-0.00479226429225	6.4742	-0.0202364749017	6.4742	0.0356601271069	6.4742	-0.016511992581
										7.0458	-0.00626062941392	6.4742	-0.0194742768092	6.4742	-0.00462777670469	6.4742	0.0360833957219	6.5694	0.016318229477
										7.1411	-0.0119383694623	6.4742	-0.0117949073192	6.4742	-0.0294521397847	6.4742	-0.00466765436209	6.5694	-0.110039624511
												6.4742	-0.0192394489192	6.4742	-0.0385665715497	6.4742	-0.0322799073321	6.5694	-0.00321933573805
												6.5694	-0.00929657403619	6.5694	-0.0170986946935	6.5694	0.0341969108775	6.5694	-0.011987098179
												6.5694	-0.00872691588019	6.5694	0.0137205160475	6.5694	0.0338338888225	6.6647	-0.00160225570524
												6.5694	-0.0222695227452	6.5694	-0.00613928041853	6.5694	0.00163567749154	6.6647	-0.0901704390152
												6.5694	-0.00380206474719	6.5694	-0.0243376156105	6.5694	-0.0218799779945	6.6647	-0.0236025386592
												6.6647	-0.00490456364747	6.6647	-0.037557089572	6.6647	0.0420151197129	6.6647	-0.0255561573642
												6.6647	0.00612883204353	6.6647	-0.003058879616	6.6647	0.0139589315019	6.76	-0.00353159504953
												6.6647	0.000810849833527	6.6647	-0.001996017443	6.6647	0.0181255400639	6.76	-0.11890776114
												6.6647	-0.0273003377155	6.6647	-0.022702613016	6.6647	0.00214144999089	6.76	-0.0258477457975
												6.76	-0.00900287008505	6.76	-0.0412226311267	6.76	0.0240394492159	6.76	-0.0485937926795
												6.76	0.0135634101069	6.76	-0.00673387171369	6.76	-0.0104008923561	6.8553	-0.014748148043
												6.76	-0.00460692205205	6.76	-0.0156035166287	6.76	0.0334553645529	6.8553	-0.117263170239
												6.76	-0.0175802854751	6.76	-0.0175727454737	6.76	-0.0178209201651	6.8553	0.00218664419695
												6.8553	-0.0251979219211	6.8553	-0.0276961351773	6.8553	0.0415854259641	6.8553	-0.03036336542
												6.8553	-0.00932124103111	6.8553	0.0112340218817	6.8553	0.0110892220351	6.9506	-0.00174456847465
												6.8553	-0.0226291174611	6.8553	-0.0233710085083	6.8553	-0.00422192194188	6.9506	-0.0869483500486
												6.8553	-0.00940824129111	6.8553	-0.0331926188553	6.8553	-0.0251189679819	6.9506	0.0158823351124
												6.9506	-0.0115654428377	6.9506	-0.0166076210449	6.9506	0.0439725840155	6.9506	-0.0194251034896
												6.9506	0.0124150709963	6.9506	-0.0177468093609	6.9506	0.0010217165935	7.0458	-0.0120240093818
												6.9506	-0.0184596727877	6.9506	-0.0290666881889	6.9506	0.0111714179685	7.0458	-0.114453967802
												6.9506	-0.0116052856577	6.9506	-0.0295872143369	6.9506	-0.0174990545605	7.0458	-0.0257061915758
												7.0458	-0.00903577245766	7.0458	-0.0451074447171	7.0458	0.110528430633	7.0458	-0.0201614649018
												7.0458	-0.00757213154766	7.0458	-0.00236681434906	7.0458	-0.0170082418453	7.1411	-0.0535793257621
												7.0458	-0.0175509169377	7.0458	-0.00622665654106	7.0458	-0.0092727168413	7.1411	-0.00322221541507
												7.0458	-0.00370476360466	7.0458	-0.0196149437811	7.0458	-0.0186530463973	7.1411	-0.0116408120471
												7.1411	-4.4489178223e-05	7.1411	-0.0255915585636	7.1411	0.0643374007769	7.1411	-0.0134950226441
												7.1411	-0.0152398605732	7.1411	0.00920508190043	7.1411	0.0175005756229	7.2364	-0.00516669263506
												7.1411	-0.00769294840322	7.1411	-0.00674475676057	7.1411	-0.00789000189713	7.2364	-0.0993977657221
												7.2364	-0.0123383914933	7.1411	-0.0214033553716	7.1411	-0.0373132101001	7.2364	0.0105252960059
												7.2364	0.00776035867771	7.2364	0.00521416787678	7.2364	0.0372116389584	7.2364	-0.00960070295806
												7.3317	-0.0115628943344	7.2364	-0.0375913364032	7.2364	0.0292026804024	7.3317	-0.0255461173003
														7.2364	-0.0186564764432	7.2364	-0.0317177475516	7.3317	-0.00145839863825
														7.2364	-0.0279263689532	7.2364	-0.0368174703896	7.3317	0.00631192098675
														7.3317	-0.0206953152755	7.3317	0.0570397280493	7.3317	-0.000513739500254
														7.3317	-0.0264628724665	7.3317	0.0086493500573	7.4269	0.0136723528071
														7.3317	-0.0302324989665	7.3317	-0.0302994266977	7.4269	-0.0633766109609
														7.3317	-0.0306016505765	7.3317	-0.0469641626537	7.4269	0.00781127179813
														7.4269	0.0111786508458	7.4269	0.0462060776348	7.4269	0.00553439472013
														7.4269	-0.0367318245572	7.4269	0.0124767869998	7.5222	0.00920507709147
														7.4269	-0.0145644896282	7.4269	-0.0262108907602	7.5222	-0.0805474180675
														7.4269	-0.0428157429772	7.4269	-0.0405049331322	7.5222	0.00295688922647
														7.5222	-0.0168356274963	7.5222	0.0279949653895	7.5222	-0.0170974393645
														7.5222	-0.0350690880913	7.5222	0.0253231563945	7.6175	0.0013157040422
														7.5222	-0.0329896838413	7.5222	-0.0229513276395	7.6175	0.0045300597332
														7.6175	0.0085606280289	7.5222	-0.0245988642525	7.6175	-0.0011419086158
														7.6175	0.0014714364359	7.6175	0.0241061678144	7.6175	0.0018831739832
														7.6175	-0.0451194592101	7.6175	0.00212245634945	7.7128	0.00509834881619
														7.7128	0.00196249960228	7.6175	-0.0334349813666	7.7128	-0.105676207778
														7.7128	-0.0114535642317	7.6175	-0.0377030860286	7.7128	0.00248163566119
														7.7128	-0.0430050318757	7.7128	0.0213554234297	7.7128	-0.0344135019598
														7.8081	0.0174542760658	7.7128	-0.00512490644133	7.8081	0.0171712177324
														7.8081	-0.0131702660522	7.7128	-0.00333482474233	7.8081	-0.0439804915986
														7.8081	-0.0205780801062	7.7128	-0.0411670442093	7.8081	-0.00782108810155
														7.9033	-0.0339837092152	7.8081	0.0263581740231	7.8081	-0.0379063473236
														7.9033	-0.0365671560552	7.8081	0.0490700900831	7.9033	-0.0526566901777
														7.9033	-0.0382075844652	7.8081	-0.0123191487329	7.9033	0.00630029532029
														7.9986	-0.00874378104843	7.8081	-0.0199326099799	7.9033	-0.00532957741171
														7.9986	-0.0178291673674	7.9033	0.0588219680795	7.9033	-0.0256811368577
														7.9986	-0.0295148887574	7.9033	-0.00602976442549	7.9986	-0.0927122476698
														8.0939	-0.00226873581036	7.9033	-0.0229316434345	7.9986	-0.0390005591828
														8.0939	-0.00897766559836	7.9033	-0.0387806550245	7.9986	0.0242239081142
														8.0939	-0.00866057095036	7.9986	-0.01585848609	7.9986	-0.00482217834783
														8.1892	0.00888495203426	7.9986	0.012771930128	8.0939	-0.0422200351799
														8.1892	-0.00961253036574	7.9986	-0.009510881037	8.0939	0.00784935756614
														8.2844	-0.00596240873629	7.9986	-0.034698676081	8.0939	0.0252860281991
														8.2844	-0.00492818242829	8.0939	0.0229216530549	8.0939	0.0124971015351
														8.3797	-0.00908841237583	8.0939	-0.0416773328031	8.1892	-0.0524352801484
																8.0939	-0.0224135900311	8.1892	-0.00800313170537
																8.0939	-0.0423691327431	8.1892	-0.00159678585437
																8.1892	0.00861613495915	8.1892	-0.0115298745644
																8.1892	0.00292711299415	8.2844	-0.0704419521188
																8.1892	-0.00666021704085	8.2844	-0.00716749513183
																8.1892	-0.0568879514569	8.2844	-0.0200048885918
																8.2844	-0.0175082327411	8.2844	-0.0394075788578
																8.2844	0.00626096249087	8.3797	-0.0420128879255
																8.2844	-0.0211618106271	8.3797	-0.0182433798955
																8.2844	-0.0473805311321	8.3797	-0.00970103756648
																8.3797	0.0124924918585	8.3797	-0.0247812125805
																8.3797	0.0211003928435	8.475	-0.0384018458969
																8.3797	0.00242853556049	8.475	-0.0249243659649
																8.3797	-0.00483915855651	8.475	-0.0081768962539
																8.475	0.0354518290197	8.475	-0.0392417393969
																8.475	-0.00463012023526	8.5703	0.006289409769
																8.475	-0.00329117427426	8.5703	-0.074489476478
																8.475	-0.0406443354123	8.5703	0.004525105779
																8.5703	0.0636361606588	8.5703	-0.023728551062
																8.5703	0.0110494628388	8.6656	-0.0707753629137
																8.5703	-0.0159630865122	8.6656	-0.0370521128897
																8.5703	-0.0252027839532	8.6656	-0.0254705967697
																8.6656	0.0451946044335	8.6656	-0.0355791789987
																8.6656	-0.0157967611075	8.7608	-0.0521022334477
																8.6656	-0.0134199193885	8.7608	-0.0411813328517
																8.6656	-0.0246010813365	8.7608	-0.0200600494867
																8.7608	0.0648889397932	8.7608	-0.0312058141357
																8.7608	-0.0309096045878	8.8561	-0.0375023347607
																8.7608	-0.0299027370078	8.8561	-0.00397282451472
																8.7608	-0.0289890429878	8.8561	-0.0323053174837
																8.8561	0.0352496850875	8.8561	-0.0470538429467
																8.8561	-0.0365478687155	8.9514	-0.0521660921109
																8.8561	-0.0165487943905	8.9514	-0.0283950377309
																8.8561	-0.0166569436545	8.9514	-0.0115579049559
																8.9514	-0.0379559031368	8.9514	-0.0309725417959
																8.9514	-0.0435570031468	9.0467	-0.0415329308885
																8.9514	-0.0149389785728	9.0467	-0.000192416118465
																8.9514	-0.0511900229568	9.0467	-0.0219151808395
																9.0467	-0.00742095192749	9.0467	-0.0378355672345
																9.0467	0.0108052793915	9.1419	-0.072356048292
																9.0467	-0.0233403705095	9.1419	-0.047307148322
																9.0467	-0.0283944932395	9.1419	-0.034468714363
																9.1419	-0.0290322581984	9.1419	-0.025815288144
																9.1419	-0.00543891308145	9.2372	-0.0650466567402
																9.1419	0.00158058654355	9.2372	-0.0185868621522
																9.1419	-0.0175736875984	9.2372	-0.0252208408102
																9.2372	-0.0180268161531	9.2372	-0.0216543438722
																9.2372	-0.00912714753213	9.3325	0.00886413624237
																9.2372	0.00252851216887	9.3325	-0.0564859724196
																9.2372	-0.0233888871131	9.3325	-0.0163340707866
																9.3325	-0.0398793838738	9.3325	-0.0285699211966
																9.3325	-0.0165314406238	9.4278	-0.0353231258757
																9.3325	-0.00747011588077	9.4278	-0.0374345561757
																9.3325	-0.0118228269638	9.4278	-0.0217219097037
																9.4278	-0.00815355108387	9.4278	-0.0248943250667
																9.4278	0.00756792440913	9.5231	-0.065799619681
																9.4278	-0.00384421547587	9.5231	-0.014445307814
																9.4278	-0.0167511867109	9.5231	-0.018755000872
																9.5231	0.00947628538124	9.5231	-0.040599401221
																9.5231	-0.00311196992576	9.6183	-0.0233092207771
																9.5231	0.00425703808024	9.6183	-0.0244897114481
																9.5231	-0.0315090067118	9.6183	-0.0232409908641
																9.6183	-0.0357026789243	9.6183	-0.0309361643901
																9.6183	-0.0134513863743	9.7136	-0.0186644675524
																9.6183	0.0156138171357	9.7136	-0.0241233827554
																9.6183	-0.0311598200043	9.7136	-0.0482079721584
																9.7136	-0.00916594709931	9.8089	0.00181839149376
																9.7136	-0.00647873714331	9.8089	-0.0235164164822
																9.7136	0.0151941752337	9.8089	-0.0762968118572
																9.7136	0.00276794631569	9.9042	-0.0288746803586
																9.8089	0.0407921476107	9.9042	-0.0300560520286
																9.8089	-0.0051748404473	9.9042	-0.0400263992186
																9.8089	-0.0234761043203	9.9994	-0.0280350406843
																9.9042	-0.0230683590708	9.9994	-0.0223532072133
																9.9042	-0.0277851829308	9.9994	-0.0377869300543
																9.9042	-0.0432669699808	10.095	-0.0117049527964
																9.9994	0.0129772236307	10.095	0.0108293983366
																9.9994	-0.0213367028673	10.095	-0.0496218509954
																10.095	-0.00180395380188	10.19	-0.024569919845
																10.19	-0.0734536864246	10.19	-0.017433858991
																		10.19	-0.014608592881
																		10.285	-0.0248590842164
																		10.285	-0.00499034089241
																		10.285	-0.0359975855364
																		10.381	-0.0395575442304
																		10.381	0.0108758761446
																		10.381	-0.0244671118504
																		10.476	-0.03162950974
																		10.476	0.015467832936
																		10.476	-0.02035826322
																		10.571	-0.0518171612353
																		10.571	0.0170481016887
																		10.571	-0.0138371209573
																		10.666	0.0307509491
																		10.666	0.011005060558
																		10.666	0.00446838037097
																		10.762	-0.0210806064851
																		10.762	-0.00098460982906
																		10.762	-0.0100235835451
																		10.857	-0.0242415151872
																		10.857	0.00338351823977
																		10.952	-0.0511264938958
																		10.952	-0.0233920489258
																		11.048	-0.00345286136386
																		11.048	-0.0343925842679
																		11.143	-0.0147766933138
																		11.143	-0.0368181591138
																		11.238	-0.0133325722278
																		11.333	-0.029075868013
																		11.429	-0.0400065522714
